
==> Cleaning previous build artifacts

==> Running FlashScope tests
Command line invocation:
    /Applications/Xcode.app/Contents/Developer/usr/bin/xcodebuild -project /Users/faisalmahmud/Downloads/FlashScope-fixed3/FlashScope.xcodeproj -scheme FlashScope -derivedDataPath /Users/faisalmahmud/Downloads/FlashScope-fixed3/.artifacts/DerivedData PRODUCT_BUNDLE_IDENTIFIER=com.example.FlashScope CODE_SIGNING_ALLOWED=NO CODE_SIGNING_REQUIRED=NO -configuration Debug test

Build settings from command line:
    CODE_SIGNING_ALLOWED = NO
    CODE_SIGNING_REQUIRED = NO
    PRODUCT_BUNDLE_IDENTIFIER = com.example.FlashScope

--- xcodebuild: WARNING: Using the first of multiple matching destinations:
{ platform:macOS, arch:x86_64, id:023F727E-F041-5A04-B147-98E7625219D8, name:My Mac }
{ platform:macOS, name:Any Mac }
ComputePackagePrebuildTargetDependencyGraph

Prepare packages

CreateBuildRequest

SendProjectDescription

CreateBuildOperation

ComputeTargetDependencyGraph
note: Building targets in dependency order
note: Target dependency graph (5 targets)
    Target 'FlashScopeUITests' in project 'FlashScope'
        ➜ Explicit dependency on target 'FlashScope' in project 'FlashScope'
    Target 'FlashScopeIntegrationTests' in project 'FlashScope'
        ➜ Explicit dependency on target 'FlashScope' in project 'FlashScope'
        ➜ Explicit dependency on target 'FlashScopeCore' in project 'FlashScope'
    Target 'FlashScopeCoreTests' in project 'FlashScope'
        ➜ Explicit dependency on target 'FlashScopeCore' in project 'FlashScope'
    Target 'FlashScope' in project 'FlashScope'
        ➜ Explicit dependency on target 'FlashScopeCore' in project 'FlashScope'
    Target 'FlashScopeCore' in project 'FlashScope' (no dependencies)

GatherProvisioningInputs

CreateBuildDescription

ExecuteExternalTool /Applications/Xcode.app/Contents/Developer/Toolchains/XcodeDefault.xctoolchain/usr/bin/swiftc --version

ExecuteExternalTool /Applications/Xcode.app/Contents/Developer/usr/bin/actool --version --output-format xml1

ExecuteExternalTool /Applications/Xcode.app/Contents/Developer/Toolchains/XcodeDefault.xctoolchain/usr/bin/clang -v -E -dM -isysroot /Applications/Xcode.app/Contents/Developer/Platforms/MacOSX.platform/Developer/SDKs/MacOSX26.5.sdk -x c -c /dev/null

ExecuteExternalTool /Applications/Xcode.app/Contents/Developer/Toolchains/XcodeDefault.xctoolchain/usr/bin/ld -version_details

Build description signature: dbb7fceb024663905de8d9535541786a
Build description path: /Users/faisalmahmud/Downloads/FlashScope-fixed3/.artifacts/DerivedData/Build/Intermediates.noindex/XCBuildData/dbb7fceb024663905de8d9535541786a.xcbuilddata
ClangStatCache /Applications/Xcode.app/Contents/Developer/Toolchains/XcodeDefault.xctoolchain/usr/bin/clang-stat-cache /Applications/Xcode.app/Contents/Developer/Platforms/MacOSX.platform/Developer/SDKs/MacOSX26.5.sdk /Users/faisalmahmud/Downloads/FlashScope-fixed3/.artifacts/DerivedData/SDKStatCaches.noindex/macosx26.5-25F70-e082c4a02f00227109f4ed75e425c832.sdkstatcache
    cd /Users/faisalmahmud/Downloads/FlashScope-fixed3/FlashScope.xcodeproj
    /Applications/Xcode.app/Contents/Developer/Toolchains/XcodeDefault.xctoolchain/usr/bin/clang-stat-cache /Applications/Xcode.app/Contents/Developer/Platforms/MacOSX.platform/Developer/SDKs/MacOSX26.5.sdk -o /Users/faisalmahmud/Downloads/FlashScope-fixed3/.artifacts/DerivedData/SDKStatCaches.noindex/macosx26.5-25F70-e082c4a02f00227109f4ed75e425c832.sdkstatcache

CreateBuildDirectory /Users/faisalmahmud/Downloads/FlashScope-fixed3/.artifacts/DerivedData/Build/Intermediates.noindex
    cd /Users/faisalmahmud/Downloads/FlashScope-fixed3/FlashScope.xcodeproj
    builtin-create-build-directory /Users/faisalmahmud/Downloads/FlashScope-fixed3/.artifacts/DerivedData/Build/Intermediates.noindex

CreateBuildDirectory /Users/faisalmahmud/Downloads/FlashScope-fixed3/.artifacts/DerivedData/Build/Products
    cd /Users/faisalmahmud/Downloads/FlashScope-fixed3/FlashScope.xcodeproj
    builtin-create-build-directory /Users/faisalmahmud/Downloads/FlashScope-fixed3/.artifacts/DerivedData/Build/Products

CreateBuildDirectory /Users/faisalmahmud/Downloads/FlashScope-fixed3/.artifacts/DerivedData/Build/Products/Debug
    cd /Users/faisalmahmud/Downloads/FlashScope-fixed3/FlashScope.xcodeproj
    builtin-create-build-directory /Users/faisalmahmud/Downloads/FlashScope-fixed3/.artifacts/DerivedData/Build/Products/Debug

CreateBuildDirectory /Users/faisalmahmud/Downloads/FlashScope-fixed3/.artifacts/DerivedData/Build/Intermediates.noindex/ExplicitPrecompiledModules
    cd /Users/faisalmahmud/Downloads/FlashScope-fixed3/FlashScope.xcodeproj
    builtin-create-build-directory /Users/faisalmahmud/Downloads/FlashScope-fixed3/.artifacts/DerivedData/Build/Intermediates.noindex/ExplicitPrecompiledModules

CreateBuildDirectory /Users/faisalmahmud/Downloads/FlashScope-fixed3/.artifacts/DerivedData/Build/Intermediates.noindex/SwiftExplicitPrecompiledModules
    cd /Users/faisalmahmud/Downloads/FlashScope-fixed3/FlashScope.xcodeproj
    builtin-create-build-directory /Users/faisalmahmud/Downloads/FlashScope-fixed3/.artifacts/DerivedData/Build/Intermediates.noindex/SwiftExplicitPrecompiledModules

CreateBuildDirectory /Users/faisalmahmud/Downloads/FlashScope-fixed3/.artifacts/DerivedData/Build/Intermediates.noindex/EagerLinkingTBDs/Debug
    cd /Users/faisalmahmud/Downloads/FlashScope-fixed3/FlashScope.xcodeproj
    builtin-create-build-directory /Users/faisalmahmud/Downloads/FlashScope-fixed3/.artifacts/DerivedData/Build/Intermediates.noindex/EagerLinkingTBDs/Debug

WriteAuxiliaryFile /Users/faisalmahmud/Downloads/FlashScope-fixed3/.artifacts/DerivedData/Build/Intermediates.noindex/FlashScope.build/Debug/FlashScope-35eb7d1e5bec2298583130c899748a02-VFS/all-product-headers.yaml
    cd /Users/faisalmahmud/Downloads/FlashScope-fixed3/FlashScope.xcodeproj
    write-file /Users/faisalmahmud/Downloads/FlashScope-fixed3/.artifacts/DerivedData/Build/Intermediates.noindex/FlashScope.build/Debug/FlashScope-35eb7d1e5bec2298583130c899748a02-VFS/all-product-headers.yaml

MkDir /Users/faisalmahmud/Downloads/FlashScope-fixed3/.artifacts/DerivedData/Build/Products/Debug/FlashScope.app (in target 'FlashScope' from project 'FlashScope')
    cd /Users/faisalmahmud/Downloads/FlashScope-fixed3
    /bin/mkdir -p /Users/faisalmahmud/Downloads/FlashScope-fixed3/.artifacts/DerivedData/Build/Products/Debug/FlashScope.app

WriteAuxiliaryFile /Users/faisalmahmud/Downloads/FlashScope-fixed3/.artifacts/DerivedData/Build/Intermediates.noindex/FlashScope.build/Debug/FlashScope.build/FlashScope-own-target-headers.hmap (in target 'FlashScope' from project 'FlashScope')
    cd /Users/faisalmahmud/Downloads/FlashScope-fixed3
    write-file /Users/faisalmahmud/Downloads/FlashScope-fixed3/.artifacts/DerivedData/Build/Intermediates.noindex/FlashScope.build/Debug/FlashScope.build/FlashScope-own-target-headers.hmap

WriteAuxiliaryFile /Users/faisalmahmud/Downloads/FlashScope-fixed3/.artifacts/DerivedData/Build/Intermediates.noindex/FlashScope.build/Debug/FlashScope.build/FlashScope-all-target-headers.hmap (in target 'FlashScope' from project 'FlashScope')
    cd /Users/faisalmahmud/Downloads/FlashScope-fixed3
    write-file /Users/faisalmahmud/Downloads/FlashScope-fixed3/.artifacts/DerivedData/Build/Intermediates.noindex/FlashScope.build/Debug/FlashScope.build/FlashScope-all-target-headers.hmap

WriteAuxiliaryFile /Users/faisalmahmud/Downloads/FlashScope-fixed3/.artifacts/DerivedData/Build/Intermediates.noindex/FlashScope.build/Debug/FlashScope.build/FlashScope-all-non-framework-target-headers.hmap (in target 'FlashScope' from project 'FlashScope')
    cd /Users/faisalmahmud/Downloads/FlashScope-fixed3
    write-file /Users/faisalmahmud/Downloads/FlashScope-fixed3/.artifacts/DerivedData/Build/Intermediates.noindex/FlashScope.build/Debug/FlashScope.build/FlashScope-all-non-framework-target-headers.hmap

WriteAuxiliaryFile /Users/faisalmahmud/Downloads/FlashScope-fixed3/.artifacts/DerivedData/Build/Intermediates.noindex/FlashScope.build/Debug/FlashScope.build/FlashScope.hmap (in target 'FlashScope' from project 'FlashScope')
    cd /Users/faisalmahmud/Downloads/FlashScope-fixed3
    write-file /Users/faisalmahmud/Downloads/FlashScope-fixed3/.artifacts/DerivedData/Build/Intermediates.noindex/FlashScope.build/Debug/FlashScope.build/FlashScope.hmap

WriteAuxiliaryFile /Users/faisalmahmud/Downloads/FlashScope-fixed3/.artifacts/DerivedData/Build/Intermediates.noindex/FlashScope.build/Debug/FlashScope.build/FlashScope-project-headers.hmap (in target 'FlashScope' from project 'FlashScope')
    cd /Users/faisalmahmud/Downloads/FlashScope-fixed3
    write-file /Users/faisalmahmud/Downloads/FlashScope-fixed3/.artifacts/DerivedData/Build/Intermediates.noindex/FlashScope.build/Debug/FlashScope.build/FlashScope-project-headers.hmap

MkDir /Users/faisalmahmud/Downloads/FlashScope-fixed3/.artifacts/DerivedData/Build/Products/Debug/FlashScope.app/Contents/Resources (in target 'FlashScope' from project 'FlashScope')
    cd /Users/faisalmahmud/Downloads/FlashScope-fixed3
    /bin/mkdir -p /Users/faisalmahmud/Downloads/FlashScope-fixed3/.artifacts/DerivedData/Build/Products/Debug/FlashScope.app/Contents/Resources

WriteAuxiliaryFile /Users/faisalmahmud/Downloads/FlashScope-fixed3/.artifacts/DerivedData/Build/Intermediates.noindex/FlashScope.build/Debug/FlashScopeUITests.build/empty-FlashScopeUITests.plist (in target 'FlashScopeUITests' from project 'FlashScope')
    cd /Users/faisalmahmud/Downloads/FlashScope-fixed3
    write-file /Users/faisalmahmud/Downloads/FlashScope-fixed3/.artifacts/DerivedData/Build/Intermediates.noindex/FlashScope.build/Debug/FlashScopeUITests.build/empty-FlashScopeUITests.plist

WriteAuxiliaryFile /Users/faisalmahmud/Downloads/FlashScope-fixed3/.artifacts/DerivedData/Build/Intermediates.noindex/FlashScope.build/Debug/FlashScopeUITests.build/ProductTypeInfoPlistAdditions.plist (in target 'FlashScopeUITests' from project 'FlashScope')
    cd /Users/faisalmahmud/Downloads/FlashScope-fixed3
    write-file /Users/faisalmahmud/Downloads/FlashScope-fixed3/.artifacts/DerivedData/Build/Intermediates.noindex/FlashScope.build/Debug/FlashScopeUITests.build/ProductTypeInfoPlistAdditions.plist

WriteAuxiliaryFile /Users/faisalmahmud/Downloads/FlashScope-fixed3/.artifacts/DerivedData/Build/Intermediates.noindex/FlashScope.build/Debug/FlashScopeUITests.build/Objects-normal/x86_64/FlashScopeUITests.SwiftConstValuesFileList (in target 'FlashScopeUITests' from project 'FlashScope')
    cd /Users/faisalmahmud/Downloads/FlashScope-fixed3
    write-file /Users/faisalmahmud/Downloads/FlashScope-fixed3/.artifacts/DerivedData/Build/Intermediates.noindex/FlashScope.build/Debug/FlashScopeUITests.build/Objects-normal/x86_64/FlashScopeUITests.SwiftConstValuesFileList

WriteAuxiliaryFile /Users/faisalmahmud/Downloads/FlashScope-fixed3/.artifacts/DerivedData/Build/Intermediates.noindex/FlashScope.build/Debug/FlashScopeUITests.build/Objects-normal/x86_64/FlashScopeUITests-OutputFileMap.json (in target 'FlashScopeUITests' from project 'FlashScope')
    cd /Users/faisalmahmud/Downloads/FlashScope-fixed3
    write-file /Users/faisalmahmud/Downloads/FlashScope-fixed3/.artifacts/DerivedData/Build/Intermediates.noindex/FlashScope.build/Debug/FlashScopeUITests.build/Objects-normal/x86_64/FlashScopeUITests-OutputFileMap.json

WriteAuxiliaryFile /Users/faisalmahmud/Downloads/FlashScope-fixed3/.artifacts/DerivedData/Build/Intermediates.noindex/FlashScope.build/Debug/FlashScopeUITests.build/Objects-normal/x86_64/FlashScopeUITests_const_extract_protocols.json (in target 'FlashScopeUITests' from project 'FlashScope')
    cd /Users/faisalmahmud/Downloads/FlashScope-fixed3
    write-file /Users/faisalmahmud/Downloads/FlashScope-fixed3/.artifacts/DerivedData/Build/Intermediates.noindex/FlashScope.build/Debug/FlashScopeUITests.build/Objects-normal/x86_64/FlashScopeUITests_const_extract_protocols.json

WriteAuxiliaryFile /Users/faisalmahmud/Downloads/FlashScope-fixed3/.artifacts/DerivedData/Build/Intermediates.noindex/FlashScope.build/Debug/FlashScopeUITests.build/Objects-normal/x86_64/FlashScopeUITests.LinkFileList (in target 'FlashScopeUITests' from project 'FlashScope')
    cd /Users/faisalmahmud/Downloads/FlashScope-fixed3
    write-file /Users/faisalmahmud/Downloads/FlashScope-fixed3/.artifacts/DerivedData/Build/Intermediates.noindex/FlashScope.build/Debug/FlashScopeUITests.build/Objects-normal/x86_64/FlashScopeUITests.LinkFileList

WriteAuxiliaryFile /Users/faisalmahmud/Downloads/FlashScope-fixed3/.artifacts/DerivedData/Build/Intermediates.noindex/FlashScope.build/Debug/FlashScopeUITests.build/Objects-normal/x86_64/FlashScopeUITests.SwiftFileList (in target 'FlashScopeUITests' from project 'FlashScope')
    cd /Users/faisalmahmud/Downloads/FlashScope-fixed3
    write-file /Users/faisalmahmud/Downloads/FlashScope-fixed3/.artifacts/DerivedData/Build/Intermediates.noindex/FlashScope.build/Debug/FlashScopeUITests.build/Objects-normal/x86_64/FlashScopeUITests.SwiftFileList

WriteAuxiliaryFile /Users/faisalmahmud/Downloads/FlashScope-fixed3/.artifacts/DerivedData/Build/Intermediates.noindex/FlashScope.build/Debug/FlashScopeUITests.build/FlashScopeUITests.hmap (in target 'FlashScopeUITests' from project 'FlashScope')
    cd /Users/faisalmahmud/Downloads/FlashScope-fixed3
    write-file /Users/faisalmahmud/Downloads/FlashScope-fixed3/.artifacts/DerivedData/Build/Intermediates.noindex/FlashScope.build/Debug/FlashScopeUITests.build/FlashScopeUITests.hmap

WriteAuxiliaryFile /Users/faisalmahmud/Downloads/FlashScope-fixed3/.artifacts/DerivedData/Build/Intermediates.noindex/FlashScope.build/Debug/FlashScopeUITests.build/FlashScopeUITests.DependencyStaticMetadataFileList (in target 'FlashScopeUITests' from project 'FlashScope')
    cd /Users/faisalmahmud/Downloads/FlashScope-fixed3
    write-file /Users/faisalmahmud/Downloads/FlashScope-fixed3/.artifacts/DerivedData/Build/Intermediates.noindex/FlashScope.build/Debug/FlashScopeUITests.build/FlashScopeUITests.DependencyStaticMetadataFileList

WriteAuxiliaryFile /Users/faisalmahmud/Downloads/FlashScope-fixed3/.artifacts/DerivedData/Build/Intermediates.noindex/FlashScope.build/Debug/FlashScopeUITests.build/FlashScopeUITests-project-headers.hmap (in target 'FlashScopeUITests' from project 'FlashScope')
    cd /Users/faisalmahmud/Downloads/FlashScope-fixed3
    write-file /Users/faisalmahmud/Downloads/FlashScope-fixed3/.artifacts/DerivedData/Build/Intermediates.noindex/FlashScope.build/Debug/FlashScopeUITests.build/FlashScopeUITests-project-headers.hmap

WriteAuxiliaryFile /Users/faisalmahmud/Downloads/FlashScope-fixed3/.artifacts/DerivedData/Build/Intermediates.noindex/FlashScope.build/Debug/FlashScopeUITests.build/FlashScopeUITests.DependencyMetadataFileList (in target 'FlashScopeUITests' from project 'FlashScope')
    cd /Users/faisalmahmud/Downloads/FlashScope-fixed3
    write-file /Users/faisalmahmud/Downloads/FlashScope-fixed3/.artifacts/DerivedData/Build/Intermediates.noindex/FlashScope.build/Debug/FlashScopeUITests.build/FlashScopeUITests.DependencyMetadataFileList

WriteAuxiliaryFile /Users/faisalmahmud/Downloads/FlashScope-fixed3/.artifacts/DerivedData/Build/Intermediates.noindex/FlashScope.build/Debug/FlashScopeUITests.build/FlashScopeUITests-own-target-headers.hmap (in target 'FlashScopeUITests' from project 'FlashScope')
    cd /Users/faisalmahmud/Downloads/FlashScope-fixed3
    write-file /Users/faisalmahmud/Downloads/FlashScope-fixed3/.artifacts/DerivedData/Build/Intermediates.noindex/FlashScope.build/Debug/FlashScopeUITests.build/FlashScopeUITests-own-target-headers.hmap

WriteAuxiliaryFile /Users/faisalmahmud/Downloads/FlashScope-fixed3/.artifacts/DerivedData/Build/Intermediates.noindex/FlashScope.build/Debug/FlashScopeUITests.build/FlashScopeUITests-generated-files.hmap (in target 'FlashScopeUITests' from project 'FlashScope')
    cd /Users/faisalmahmud/Downloads/FlashScope-fixed3
    write-file /Users/faisalmahmud/Downloads/FlashScope-fixed3/.artifacts/DerivedData/Build/Intermediates.noindex/FlashScope.build/Debug/FlashScopeUITests.build/FlashScopeUITests-generated-files.hmap

WriteAuxiliaryFile /Users/faisalmahmud/Downloads/FlashScope-fixed3/.artifacts/DerivedData/Build/Intermediates.noindex/FlashScope.build/Debug/FlashScopeUITests.build/FlashScopeUITests-all-non-framework-target-headers.hmap (in target 'FlashScopeUITests' from project 'FlashScope')
    cd /Users/faisalmahmud/Downloads/FlashScope-fixed3
    write-file /Users/faisalmahmud/Downloads/FlashScope-fixed3/.artifacts/DerivedData/Build/Intermediates.noindex/FlashScope.build/Debug/FlashScopeUITests.build/FlashScopeUITests-all-non-framework-target-headers.hmap

WriteAuxiliaryFile /Users/faisalmahmud/Downloads/FlashScope-fixed3/.artifacts/DerivedData/Build/Intermediates.noindex/FlashScope.build/Debug/FlashScopeUITests.build/FlashScopeUITests-all-target-headers.hmap (in target 'FlashScopeUITests' from project 'FlashScope')
    cd /Users/faisalmahmud/Downloads/FlashScope-fixed3
    write-file /Users/faisalmahmud/Downloads/FlashScope-fixed3/.artifacts/DerivedData/Build/Intermediates.noindex/FlashScope.build/Debug/FlashScopeUITests.build/FlashScopeUITests-all-target-headers.hmap

WriteAuxiliaryFile /Users/faisalmahmud/Downloads/FlashScope-fixed3/.artifacts/DerivedData/Build/Intermediates.noindex/FlashScope.build/Debug/FlashScopeIntegrationTests.build/empty-FlashScopeIntegrationTests.plist (in target 'FlashScopeIntegrationTests' from project 'FlashScope')
    cd /Users/faisalmahmud/Downloads/FlashScope-fixed3
    write-file /Users/faisalmahmud/Downloads/FlashScope-fixed3/.artifacts/DerivedData/Build/Intermediates.noindex/FlashScope.build/Debug/FlashScopeIntegrationTests.build/empty-FlashScopeIntegrationTests.plist

WriteAuxiliaryFile /Users/faisalmahmud/Downloads/FlashScope-fixed3/.artifacts/DerivedData/Build/Intermediates.noindex/FlashScope.build/Debug/FlashScopeIntegrationTests.build/Objects-normal/x86_64/FlashScopeIntegrationTests.SwiftFileList (in target 'FlashScopeIntegrationTests' from project 'FlashScope')
    cd /Users/faisalmahmud/Downloads/FlashScope-fixed3
    write-file /Users/faisalmahmud/Downloads/FlashScope-fixed3/.artifacts/DerivedData/Build/Intermediates.noindex/FlashScope.build/Debug/FlashScopeIntegrationTests.build/Objects-normal/x86_64/FlashScopeIntegrationTests.SwiftFileList

WriteAuxiliaryFile /Users/faisalmahmud/Downloads/FlashScope-fixed3/.artifacts/DerivedData/Build/Intermediates.noindex/FlashScope.build/Debug/FlashScopeIntegrationTests.build/Objects-normal/x86_64/FlashScopeIntegrationTests_const_extract_protocols.json (in target 'FlashScopeIntegrationTests' from project 'FlashScope')
    cd /Users/faisalmahmud/Downloads/FlashScope-fixed3
    write-file /Users/faisalmahmud/Downloads/FlashScope-fixed3/.artifacts/DerivedData/Build/Intermediates.noindex/FlashScope.build/Debug/FlashScopeIntegrationTests.build/Objects-normal/x86_64/FlashScopeIntegrationTests_const_extract_protocols.json

WriteAuxiliaryFile /Users/faisalmahmud/Downloads/FlashScope-fixed3/.artifacts/DerivedData/Build/Intermediates.noindex/FlashScope.build/Debug/FlashScopeIntegrationTests.build/Objects-normal/x86_64/FlashScopeIntegrationTests.SwiftConstValuesFileList (in target 'FlashScopeIntegrationTests' from project 'FlashScope')
    cd /Users/faisalmahmud/Downloads/FlashScope-fixed3
    write-file /Users/faisalmahmud/Downloads/FlashScope-fixed3/.artifacts/DerivedData/Build/Intermediates.noindex/FlashScope.build/Debug/FlashScopeIntegrationTests.build/Objects-normal/x86_64/FlashScopeIntegrationTests.SwiftConstValuesFileList

WriteAuxiliaryFile /Users/faisalmahmud/Downloads/FlashScope-fixed3/.artifacts/DerivedData/Build/Intermediates.noindex/FlashScope.build/Debug/FlashScopeIntegrationTests.build/Objects-normal/x86_64/FlashScopeIntegrationTests.LinkFileList (in target 'FlashScopeIntegrationTests' from project 'FlashScope')
    cd /Users/faisalmahmud/Downloads/FlashScope-fixed3
    write-file /Users/faisalmahmud/Downloads/FlashScope-fixed3/.artifacts/DerivedData/Build/Intermediates.noindex/FlashScope.build/Debug/FlashScopeIntegrationTests.build/Objects-normal/x86_64/FlashScopeIntegrationTests.LinkFileList

WriteAuxiliaryFile /Users/faisalmahmud/Downloads/FlashScope-fixed3/.artifacts/DerivedData/Build/Intermediates.noindex/FlashScope.build/Debug/FlashScopeIntegrationTests.build/Objects-normal/x86_64/FlashScopeIntegrationTests-OutputFileMap.json (in target 'FlashScopeIntegrationTests' from project 'FlashScope')
    cd /Users/faisalmahmud/Downloads/FlashScope-fixed3
    write-file /Users/faisalmahmud/Downloads/FlashScope-fixed3/.artifacts/DerivedData/Build/Intermediates.noindex/FlashScope.build/Debug/FlashScopeIntegrationTests.build/Objects-normal/x86_64/FlashScopeIntegrationTests-OutputFileMap.json

WriteAuxiliaryFile /Users/faisalmahmud/Downloads/FlashScope-fixed3/.artifacts/DerivedData/Build/Intermediates.noindex/FlashScope.build/Debug/FlashScopeIntegrationTests.build/FlashScopeIntegrationTests.hmap (in target 'FlashScopeIntegrationTests' from project 'FlashScope')
    cd /Users/faisalmahmud/Downloads/FlashScope-fixed3
    write-file /Users/faisalmahmud/Downloads/FlashScope-fixed3/.artifacts/DerivedData/Build/Intermediates.noindex/FlashScope.build/Debug/FlashScopeIntegrationTests.build/FlashScopeIntegrationTests.hmap

WriteAuxiliaryFile /Users/faisalmahmud/Downloads/FlashScope-fixed3/.artifacts/DerivedData/Build/Intermediates.noindex/FlashScope.build/Debug/FlashScopeIntegrationTests.build/FlashScopeIntegrationTests.DependencyStaticMetadataFileList (in target 'FlashScopeIntegrationTests' from project 'FlashScope')
    cd /Users/faisalmahmud/Downloads/FlashScope-fixed3
    write-file /Users/faisalmahmud/Downloads/FlashScope-fixed3/.artifacts/DerivedData/Build/Intermediates.noindex/FlashScope.build/Debug/FlashScopeIntegrationTests.build/FlashScopeIntegrationTests.DependencyStaticMetadataFileList

WriteAuxiliaryFile /Users/faisalmahmud/Downloads/FlashScope-fixed3/.artifacts/DerivedData/Build/Intermediates.noindex/FlashScope.build/Debug/FlashScopeIntegrationTests.build/FlashScopeIntegrationTests-project-headers.hmap (in target 'FlashScopeIntegrationTests' from project 'FlashScope')
    cd /Users/faisalmahmud/Downloads/FlashScope-fixed3
    write-file /Users/faisalmahmud/Downloads/FlashScope-fixed3/.artifacts/DerivedData/Build/Intermediates.noindex/FlashScope.build/Debug/FlashScopeIntegrationTests.build/FlashScopeIntegrationTests-project-headers.hmap

WriteAuxiliaryFile /Users/faisalmahmud/Downloads/FlashScope-fixed3/.artifacts/DerivedData/Build/Intermediates.noindex/FlashScope.build/Debug/FlashScopeIntegrationTests.build/FlashScopeIntegrationTests.DependencyMetadataFileList (in target 'FlashScopeIntegrationTests' from project 'FlashScope')
    cd /Users/faisalmahmud/Downloads/FlashScope-fixed3
    write-file /Users/faisalmahmud/Downloads/FlashScope-fixed3/.artifacts/DerivedData/Build/Intermediates.noindex/FlashScope.build/Debug/FlashScopeIntegrationTests.build/FlashScopeIntegrationTests.DependencyMetadataFileList

WriteAuxiliaryFile /Users/faisalmahmud/Downloads/FlashScope-fixed3/.artifacts/DerivedData/Build/Intermediates.noindex/FlashScope.build/Debug/FlashScopeIntegrationTests.build/FlashScopeIntegrationTests-generated-files.hmap (in target 'FlashScopeIntegrationTests' from project 'FlashScope')
    cd /Users/faisalmahmud/Downloads/FlashScope-fixed3
    write-file /Users/faisalmahmud/Downloads/FlashScope-fixed3/.artifacts/DerivedData/Build/Intermediates.noindex/FlashScope.build/Debug/FlashScopeIntegrationTests.build/FlashScopeIntegrationTests-generated-files.hmap

WriteAuxiliaryFile /Users/faisalmahmud/Downloads/FlashScope-fixed3/.artifacts/DerivedData/Build/Intermediates.noindex/FlashScope.build/Debug/FlashScopeIntegrationTests.build/FlashScopeIntegrationTests-all-target-headers.hmap (in target 'FlashScopeIntegrationTests' from project 'FlashScope')
    cd /Users/faisalmahmud/Downloads/FlashScope-fixed3
    write-file /Users/faisalmahmud/Downloads/FlashScope-fixed3/.artifacts/DerivedData/Build/Intermediates.noindex/FlashScope.build/Debug/FlashScopeIntegrationTests.build/FlashScopeIntegrationTests-all-target-headers.hmap

WriteAuxiliaryFile /Users/faisalmahmud/Downloads/FlashScope-fixed3/.artifacts/DerivedData/Build/Intermediates.noindex/FlashScope.build/Debug/FlashScopeIntegrationTests.build/FlashScopeIntegrationTests-own-target-headers.hmap (in target 'FlashScopeIntegrationTests' from project 'FlashScope')
    cd /Users/faisalmahmud/Downloads/FlashScope-fixed3
    write-file /Users/faisalmahmud/Downloads/FlashScope-fixed3/.artifacts/DerivedData/Build/Intermediates.noindex/FlashScope.build/Debug/FlashScopeIntegrationTests.build/FlashScopeIntegrationTests-own-target-headers.hmap

WriteAuxiliaryFile /Users/faisalmahmud/Downloads/FlashScope-fixed3/.artifacts/DerivedData/Build/Intermediates.noindex/FlashScope.build/Debug/FlashScopeIntegrationTests.build/FlashScopeIntegrationTests-all-non-framework-target-headers.hmap (in target 'FlashScopeIntegrationTests' from project 'FlashScope')
    cd /Users/faisalmahmud/Downloads/FlashScope-fixed3
    write-file /Users/faisalmahmud/Downloads/FlashScope-fixed3/.artifacts/DerivedData/Build/Intermediates.noindex/FlashScope.build/Debug/FlashScopeIntegrationTests.build/FlashScopeIntegrationTests-all-non-framework-target-headers.hmap

WriteAuxiliaryFile /Users/faisalmahmud/Downloads/FlashScope-fixed3/.artifacts/DerivedData/Build/Intermediates.noindex/FlashScope.build/Debug/FlashScopeCoreTests.build/empty-FlashScopeCoreTests.plist (in target 'FlashScopeCoreTests' from project 'FlashScope')
    cd /Users/faisalmahmud/Downloads/FlashScope-fixed3
    write-file /Users/faisalmahmud/Downloads/FlashScope-fixed3/.artifacts/DerivedData/Build/Intermediates.noindex/FlashScope.build/Debug/FlashScopeCoreTests.build/empty-FlashScopeCoreTests.plist

WriteAuxiliaryFile /Users/faisalmahmud/Downloads/FlashScope-fixed3/.artifacts/DerivedData/Build/Intermediates.noindex/FlashScope.build/Debug/FlashScopeCoreTests.build/Objects-normal/x86_64/FlashScopeCoreTests_const_extract_protocols.json (in target 'FlashScopeCoreTests' from project 'FlashScope')
    cd /Users/faisalmahmud/Downloads/FlashScope-fixed3
    write-file /Users/faisalmahmud/Downloads/FlashScope-fixed3/.artifacts/DerivedData/Build/Intermediates.noindex/FlashScope.build/Debug/FlashScopeCoreTests.build/Objects-normal/x86_64/FlashScopeCoreTests_const_extract_protocols.json

WriteAuxiliaryFile /Users/faisalmahmud/Downloads/FlashScope-fixed3/.artifacts/DerivedData/Build/Intermediates.noindex/FlashScope.build/Debug/FlashScopeCoreTests.build/Objects-normal/x86_64/FlashScopeCoreTests.SwiftFileList (in target 'FlashScopeCoreTests' from project 'FlashScope')
    cd /Users/faisalmahmud/Downloads/FlashScope-fixed3
    write-file /Users/faisalmahmud/Downloads/FlashScope-fixed3/.artifacts/DerivedData/Build/Intermediates.noindex/FlashScope.build/Debug/FlashScopeCoreTests.build/Objects-normal/x86_64/FlashScopeCoreTests.SwiftFileList

WriteAuxiliaryFile /Users/faisalmahmud/Downloads/FlashScope-fixed3/.artifacts/DerivedData/Build/Intermediates.noindex/FlashScope.build/Debug/FlashScopeCoreTests.build/Objects-normal/x86_64/FlashScopeCoreTests.SwiftConstValuesFileList (in target 'FlashScopeCoreTests' from project 'FlashScope')
    cd /Users/faisalmahmud/Downloads/FlashScope-fixed3
    write-file /Users/faisalmahmud/Downloads/FlashScope-fixed3/.artifacts/DerivedData/Build/Intermediates.noindex/FlashScope.build/Debug/FlashScopeCoreTests.build/Objects-normal/x86_64/FlashScopeCoreTests.SwiftConstValuesFileList

WriteAuxiliaryFile /Users/faisalmahmud/Downloads/FlashScope-fixed3/.artifacts/DerivedData/Build/Intermediates.noindex/FlashScope.build/Debug/FlashScopeCoreTests.build/Objects-normal/x86_64/FlashScopeCoreTests.LinkFileList (in target 'FlashScopeCoreTests' from project 'FlashScope')
    cd /Users/faisalmahmud/Downloads/FlashScope-fixed3
    write-file /Users/faisalmahmud/Downloads/FlashScope-fixed3/.artifacts/DerivedData/Build/Intermediates.noindex/FlashScope.build/Debug/FlashScopeCoreTests.build/Objects-normal/x86_64/FlashScopeCoreTests.LinkFileList

WriteAuxiliaryFile /Users/faisalmahmud/Downloads/FlashScope-fixed3/.artifacts/DerivedData/Build/Intermediates.noindex/FlashScope.build/Debug/FlashScopeCoreTests.build/Objects-normal/x86_64/FlashScopeCoreTests-OutputFileMap.json (in target 'FlashScopeCoreTests' from project 'FlashScope')
    cd /Users/faisalmahmud/Downloads/FlashScope-fixed3
    write-file /Users/faisalmahmud/Downloads/FlashScope-fixed3/.artifacts/DerivedData/Build/Intermediates.noindex/FlashScope.build/Debug/FlashScopeCoreTests.build/Objects-normal/x86_64/FlashScopeCoreTests-OutputFileMap.json

WriteAuxiliaryFile /Users/faisalmahmud/Downloads/FlashScope-fixed3/.artifacts/DerivedData/Build/Intermediates.noindex/FlashScope.build/Debug/FlashScopeCoreTests.build/FlashScopeCoreTests.hmap (in target 'FlashScopeCoreTests' from project 'FlashScope')
    cd /Users/faisalmahmud/Downloads/FlashScope-fixed3
    write-file /Users/faisalmahmud/Downloads/FlashScope-fixed3/.artifacts/DerivedData/Build/Intermediates.noindex/FlashScope.build/Debug/FlashScopeCoreTests.build/FlashScopeCoreTests.hmap

WriteAuxiliaryFile /Users/faisalmahmud/Downloads/FlashScope-fixed3/.artifacts/DerivedData/Build/Intermediates.noindex/FlashScope.build/Debug/FlashScopeCoreTests.build/FlashScopeCoreTests.DependencyStaticMetadataFileList (in target 'FlashScopeCoreTests' from project 'FlashScope')
    cd /Users/faisalmahmud/Downloads/FlashScope-fixed3
    write-file /Users/faisalmahmud/Downloads/FlashScope-fixed3/.artifacts/DerivedData/Build/Intermediates.noindex/FlashScope.build/Debug/FlashScopeCoreTests.build/FlashScopeCoreTests.DependencyStaticMetadataFileList

WriteAuxiliaryFile /Users/faisalmahmud/Downloads/FlashScope-fixed3/.artifacts/DerivedData/Build/Intermediates.noindex/FlashScope.build/Debug/FlashScopeCoreTests.build/FlashScopeCoreTests.DependencyMetadataFileList (in target 'FlashScopeCoreTests' from project 'FlashScope')
    cd /Users/faisalmahmud/Downloads/FlashScope-fixed3
    write-file /Users/faisalmahmud/Downloads/FlashScope-fixed3/.artifacts/DerivedData/Build/Intermediates.noindex/FlashScope.build/Debug/FlashScopeCoreTests.build/FlashScopeCoreTests.DependencyMetadataFileList

WriteAuxiliaryFile /Users/faisalmahmud/Downloads/FlashScope-fixed3/.artifacts/DerivedData/Build/Intermediates.noindex/FlashScope.build/Debug/FlashScopeCoreTests.build/FlashScopeCoreTests-project-headers.hmap (in target 'FlashScopeCoreTests' from project 'FlashScope')
    cd /Users/faisalmahmud/Downloads/FlashScope-fixed3
    write-file /Users/faisalmahmud/Downloads/FlashScope-fixed3/.artifacts/DerivedData/Build/Intermediates.noindex/FlashScope.build/Debug/FlashScopeCoreTests.build/FlashScopeCoreTests-project-headers.hmap

WriteAuxiliaryFile /Users/faisalmahmud/Downloads/FlashScope-fixed3/.artifacts/DerivedData/Build/Intermediates.noindex/FlashScope.build/Debug/FlashScopeCoreTests.build/FlashScopeCoreTests-own-target-headers.hmap (in target 'FlashScopeCoreTests' from project 'FlashScope')
    cd /Users/faisalmahmud/Downloads/FlashScope-fixed3
    write-file /Users/faisalmahmud/Downloads/FlashScope-fixed3/.artifacts/DerivedData/Build/Intermediates.noindex/FlashScope.build/Debug/FlashScopeCoreTests.build/FlashScopeCoreTests-own-target-headers.hmap

WriteAuxiliaryFile /Users/faisalmahmud/Downloads/FlashScope-fixed3/.artifacts/DerivedData/Build/Intermediates.noindex/FlashScope.build/Debug/FlashScopeCoreTests.build/FlashScopeCoreTests-generated-files.hmap (in target 'FlashScopeCoreTests' from project 'FlashScope')
    cd /Users/faisalmahmud/Downloads/FlashScope-fixed3
    write-file /Users/faisalmahmud/Downloads/FlashScope-fixed3/.artifacts/DerivedData/Build/Intermediates.noindex/FlashScope.build/Debug/FlashScopeCoreTests.build/FlashScopeCoreTests-generated-files.hmap

WriteAuxiliaryFile /Users/faisalmahmud/Downloads/FlashScope-fixed3/.artifacts/DerivedData/Build/Intermediates.noindex/FlashScope.build/Debug/FlashScopeCoreTests.build/FlashScopeCoreTests-all-target-headers.hmap (in target 'FlashScopeCoreTests' from project 'FlashScope')
    cd /Users/faisalmahmud/Downloads/FlashScope-fixed3
    write-file /Users/faisalmahmud/Downloads/FlashScope-fixed3/.artifacts/DerivedData/Build/Intermediates.noindex/FlashScope.build/Debug/FlashScopeCoreTests.build/FlashScopeCoreTests-all-target-headers.hmap

WriteAuxiliaryFile /Users/faisalmahmud/Downloads/FlashScope-fixed3/.artifacts/DerivedData/Build/Intermediates.noindex/FlashScope.build/Debug/FlashScopeCoreTests.build/FlashScopeCoreTests-all-non-framework-target-headers.hmap (in target 'FlashScopeCoreTests' from project 'FlashScope')
    cd /Users/faisalmahmud/Downloads/FlashScope-fixed3
    write-file /Users/faisalmahmud/Downloads/FlashScope-fixed3/.artifacts/DerivedData/Build/Intermediates.noindex/FlashScope.build/Debug/FlashScopeCoreTests.build/FlashScopeCoreTests-all-non-framework-target-headers.hmap

WriteAuxiliaryFile /Users/faisalmahmud/Downloads/FlashScope-fixed3/.artifacts/DerivedData/Build/Intermediates.noindex/FlashScope.build/Debug/FlashScopeCore.build/module.modulemap (in target 'FlashScopeCore' from project 'FlashScope')
    cd /Users/faisalmahmud/Downloads/FlashScope-fixed3
    write-file /Users/faisalmahmud/Downloads/FlashScope-fixed3/.artifacts/DerivedData/Build/Intermediates.noindex/FlashScope.build/Debug/FlashScopeCore.build/module.modulemap

WriteAuxiliaryFile /Users/faisalmahmud/Downloads/FlashScope-fixed3/.artifacts/DerivedData/Build/Intermediates.noindex/FlashScope.build/Debug/FlashScopeCore.build/empty-FlashScopeCore.plist (in target 'FlashScopeCore' from project 'FlashScope')
    cd /Users/faisalmahmud/Downloads/FlashScope-fixed3
    write-file /Users/faisalmahmud/Downloads/FlashScope-fixed3/.artifacts/DerivedData/Build/Intermediates.noindex/FlashScope.build/Debug/FlashScopeCore.build/empty-FlashScopeCore.plist

WriteAuxiliaryFile /Users/faisalmahmud/Downloads/FlashScope-fixed3/.artifacts/DerivedData/Build/Intermediates.noindex/FlashScope.build/Debug/FlashScopeCore.build/Objects-normal/x86_64/FlashScopeCore_const_extract_protocols.json (in target 'FlashScopeCore' from project 'FlashScope')
    cd /Users/faisalmahmud/Downloads/FlashScope-fixed3
    write-file /Users/faisalmahmud/Downloads/FlashScope-fixed3/.artifacts/DerivedData/Build/Intermediates.noindex/FlashScope.build/Debug/FlashScopeCore.build/Objects-normal/x86_64/FlashScopeCore_const_extract_protocols.json

WriteAuxiliaryFile /Users/faisalmahmud/Downloads/FlashScope-fixed3/.artifacts/DerivedData/Build/Intermediates.noindex/FlashScope.build/Debug/FlashScopeCore.build/Objects-normal/x86_64/FlashScopeCore.SwiftFileList (in target 'FlashScopeCore' from project 'FlashScope')
    cd /Users/faisalmahmud/Downloads/FlashScope-fixed3
    write-file /Users/faisalmahmud/Downloads/FlashScope-fixed3/.artifacts/DerivedData/Build/Intermediates.noindex/FlashScope.build/Debug/FlashScopeCore.build/Objects-normal/x86_64/FlashScopeCore.SwiftFileList

WriteAuxiliaryFile /Users/faisalmahmud/Downloads/FlashScope-fixed3/.artifacts/DerivedData/Build/Intermediates.noindex/FlashScope.build/Debug/FlashScopeCore.build/Objects-normal/x86_64/FlashScopeCore.SwiftConstValuesFileList (in target 'FlashScopeCore' from project 'FlashScope')
    cd /Users/faisalmahmud/Downloads/FlashScope-fixed3
    write-file /Users/faisalmahmud/Downloads/FlashScope-fixed3/.artifacts/DerivedData/Build/Intermediates.noindex/FlashScope.build/Debug/FlashScopeCore.build/Objects-normal/x86_64/FlashScopeCore.SwiftConstValuesFileList

WriteAuxiliaryFile /Users/faisalmahmud/Downloads/FlashScope-fixed3/.artifacts/DerivedData/Build/Intermediates.noindex/FlashScope.build/Debug/FlashScopeCore.build/Objects-normal/x86_64/FlashScopeCore.LinkFileList (in target 'FlashScopeCore' from project 'FlashScope')
    cd /Users/faisalmahmud/Downloads/FlashScope-fixed3
    write-file /Users/faisalmahmud/Downloads/FlashScope-fixed3/.artifacts/DerivedData/Build/Intermediates.noindex/FlashScope.build/Debug/FlashScopeCore.build/Objects-normal/x86_64/FlashScopeCore.LinkFileList

WriteAuxiliaryFile /Users/faisalmahmud/Downloads/FlashScope-fixed3/.artifacts/DerivedData/Build/Intermediates.noindex/FlashScope.build/Debug/FlashScopeCore.build/Objects-normal/x86_64/FlashScopeCore-OutputFileMap.json (in target 'FlashScopeCore' from project 'FlashScope')
    cd /Users/faisalmahmud/Downloads/FlashScope-fixed3
    write-file /Users/faisalmahmud/Downloads/FlashScope-fixed3/.artifacts/DerivedData/Build/Intermediates.noindex/FlashScope.build/Debug/FlashScopeCore.build/Objects-normal/x86_64/FlashScopeCore-OutputFileMap.json

WriteAuxiliaryFile /Users/faisalmahmud/Downloads/FlashScope-fixed3/.artifacts/DerivedData/Build/Intermediates.noindex/FlashScope.build/Debug/FlashScopeCore.build/FlashScopeCore.hmap (in target 'FlashScopeCore' from project 'FlashScope')
    cd /Users/faisalmahmud/Downloads/FlashScope-fixed3
    write-file /Users/faisalmahmud/Downloads/FlashScope-fixed3/.artifacts/DerivedData/Build/Intermediates.noindex/FlashScope.build/Debug/FlashScopeCore.build/FlashScopeCore.hmap

WriteAuxiliaryFile /Users/faisalmahmud/Downloads/FlashScope-fixed3/.artifacts/DerivedData/Build/Intermediates.noindex/FlashScope.build/Debug/FlashScopeCore.build/FlashScopeCore.DependencyMetadataFileList (in target 'FlashScopeCore' from project 'FlashScope')
    cd /Users/faisalmahmud/Downloads/FlashScope-fixed3
    write-file /Users/faisalmahmud/Downloads/FlashScope-fixed3/.artifacts/DerivedData/Build/Intermediates.noindex/FlashScope.build/Debug/FlashScopeCore.build/FlashScopeCore.DependencyMetadataFileList

WriteAuxiliaryFile /Users/faisalmahmud/Downloads/FlashScope-fixed3/.artifacts/DerivedData/Build/Intermediates.noindex/FlashScope.build/Debug/FlashScopeCore.build/FlashScopeCore.DependencyStaticMetadataFileList (in target 'FlashScopeCore' from project 'FlashScope')
    cd /Users/faisalmahmud/Downloads/FlashScope-fixed3
    write-file /Users/faisalmahmud/Downloads/FlashScope-fixed3/.artifacts/DerivedData/Build/Intermediates.noindex/FlashScope.build/Debug/FlashScopeCore.build/FlashScopeCore.DependencyStaticMetadataFileList

WriteAuxiliaryFile /Users/faisalmahmud/Downloads/FlashScope-fixed3/.artifacts/DerivedData/Build/Intermediates.noindex/FlashScope.build/Debug/FlashScopeCore.build/FlashScopeCore-project-headers.hmap (in target 'FlashScopeCore' from project 'FlashScope')
    cd /Users/faisalmahmud/Downloads/FlashScope-fixed3
    write-file /Users/faisalmahmud/Downloads/FlashScope-fixed3/.artifacts/DerivedData/Build/Intermediates.noindex/FlashScope.build/Debug/FlashScopeCore.build/FlashScopeCore-project-headers.hmap

WriteAuxiliaryFile /Users/faisalmahmud/Downloads/FlashScope-fixed3/.artifacts/DerivedData/Build/Intermediates.noindex/FlashScope.build/Debug/FlashScopeCore.build/FlashScopeCore-own-target-headers.hmap (in target 'FlashScopeCore' from project 'FlashScope')
    cd /Users/faisalmahmud/Downloads/FlashScope-fixed3
    write-file /Users/faisalmahmud/Downloads/FlashScope-fixed3/.artifacts/DerivedData/Build/Intermediates.noindex/FlashScope.build/Debug/FlashScopeCore.build/FlashScopeCore-own-target-headers.hmap

WriteAuxiliaryFile /Users/faisalmahmud/Downloads/FlashScope-fixed3/.artifacts/DerivedData/Build/Intermediates.noindex/FlashScope.build/Debug/FlashScopeCore.build/FlashScopeCore-all-target-headers.hmap (in target 'FlashScopeCore' from project 'FlashScope')
    cd /Users/faisalmahmud/Downloads/FlashScope-fixed3
    write-file /Users/faisalmahmud/Downloads/FlashScope-fixed3/.artifacts/DerivedData/Build/Intermediates.noindex/FlashScope.build/Debug/FlashScopeCore.build/FlashScopeCore-all-target-headers.hmap

WriteAuxiliaryFile /Users/faisalmahmud/Downloads/FlashScope-fixed3/.artifacts/DerivedData/Build/Intermediates.noindex/FlashScope.build/Debug/FlashScopeCore.build/FlashScopeCore-generated-files.hmap (in target 'FlashScopeCore' from project 'FlashScope')
    cd /Users/faisalmahmud/Downloads/FlashScope-fixed3
    write-file /Users/faisalmahmud/Downloads/FlashScope-fixed3/.artifacts/DerivedData/Build/Intermediates.noindex/FlashScope.build/Debug/FlashScopeCore.build/FlashScopeCore-generated-files.hmap

WriteAuxiliaryFile /Users/faisalmahmud/Downloads/FlashScope-fixed3/.artifacts/DerivedData/Build/Intermediates.noindex/FlashScope.build/Debug/FlashScopeCore.build/FlashScopeCore-all-non-framework-target-headers.hmap (in target 'FlashScopeCore' from project 'FlashScope')
    cd /Users/faisalmahmud/Downloads/FlashScope-fixed3
    write-file /Users/faisalmahmud/Downloads/FlashScope-fixed3/.artifacts/DerivedData/Build/Intermediates.noindex/FlashScope.build/Debug/FlashScopeCore.build/FlashScopeCore-all-non-framework-target-headers.hmap

WriteAuxiliaryFile /Users/faisalmahmud/Downloads/FlashScope-fixed3/.artifacts/DerivedData/Build/Intermediates.noindex/FlashScope.build/Debug/FlashScope.build/Objects-normal/x86_64/FlashScope_const_extract_protocols.json (in target 'FlashScope' from project 'FlashScope')
    cd /Users/faisalmahmud/Downloads/FlashScope-fixed3
    write-file /Users/faisalmahmud/Downloads/FlashScope-fixed3/.artifacts/DerivedData/Build/Intermediates.noindex/FlashScope.build/Debug/FlashScope.build/Objects-normal/x86_64/FlashScope_const_extract_protocols.json

WriteAuxiliaryFile /Users/faisalmahmud/Downloads/FlashScope-fixed3/.artifacts/DerivedData/Build/Intermediates.noindex/FlashScope.build/Debug/FlashScope.build/Objects-normal/x86_64/FlashScope.SwiftFileList (in target 'FlashScope' from project 'FlashScope')
    cd /Users/faisalmahmud/Downloads/FlashScope-fixed3
    write-file /Users/faisalmahmud/Downloads/FlashScope-fixed3/.artifacts/DerivedData/Build/Intermediates.noindex/FlashScope.build/Debug/FlashScope.build/Objects-normal/x86_64/FlashScope.SwiftFileList

WriteAuxiliaryFile /Users/faisalmahmud/Downloads/FlashScope-fixed3/.artifacts/DerivedData/Build/Intermediates.noindex/FlashScope.build/Debug/FlashScope.build/Objects-normal/x86_64/FlashScope.SwiftConstValuesFileList (in target 'FlashScope' from project 'FlashScope')
    cd /Users/faisalmahmud/Downloads/FlashScope-fixed3
    write-file /Users/faisalmahmud/Downloads/FlashScope-fixed3/.artifacts/DerivedData/Build/Intermediates.noindex/FlashScope.build/Debug/FlashScope.build/Objects-normal/x86_64/FlashScope.SwiftConstValuesFileList

Copy /Users/faisalmahmud/Downloads/FlashScope-fixed3/.artifacts/DerivedData/Build/Products/Debug/FlashScopeCore.framework/Versions/A/Modules/module.modulemap /Users/faisalmahmud/Downloads/FlashScope-fixed3/.artifacts/DerivedData/Build/Intermediates.noindex/FlashScope.build/Debug/FlashScopeCore.build/module.modulemap (in target 'FlashScopeCore' from project 'FlashScope')
    cd /Users/faisalmahmud/Downloads/FlashScope-fixed3
    builtin-copy -exclude .DS_Store -exclude CVS -exclude .svn -exclude .git -exclude .hg -strip-unsigned-binaries -strip-deterministic -strip-tool /Applications/Xcode.app/Contents/Developer/Toolchains/XcodeDefault.xctoolchain/usr/bin/strip -resolve-src-symlinks /Users/faisalmahmud/Downloads/FlashScope-fixed3/.artifacts/DerivedData/Build/Intermediates.noindex/FlashScope.build/Debug/FlashScopeCore.build/module.modulemap /Users/faisalmahmud/Downloads/FlashScope-fixed3/.artifacts/DerivedData/Build/Products/Debug/FlashScopeCore.framework/Versions/A/Modules

WriteAuxiliaryFile /Users/faisalmahmud/Downloads/FlashScope-fixed3/.artifacts/DerivedData/Build/Intermediates.noindex/FlashScope.build/Debug/FlashScope.build/Objects-normal/x86_64/FlashScope.LinkFileList (in target 'FlashScope' from project 'FlashScope')
    cd /Users/faisalmahmud/Downloads/FlashScope-fixed3
    write-file /Users/faisalmahmud/Downloads/FlashScope-fixed3/.artifacts/DerivedData/Build/Intermediates.noindex/FlashScope.build/Debug/FlashScope.build/Objects-normal/x86_64/FlashScope.LinkFileList

WriteAuxiliaryFile /Users/faisalmahmud/Downloads/FlashScope-fixed3/.artifacts/DerivedData/Build/Intermediates.noindex/FlashScope.build/Debug/FlashScope.build/Objects-normal/x86_64/FlashScope-OutputFileMap.json (in target 'FlashScope' from project 'FlashScope')
    cd /Users/faisalmahmud/Downloads/FlashScope-fixed3
    write-file /Users/faisalmahmud/Downloads/FlashScope-fixed3/.artifacts/DerivedData/Build/Intermediates.noindex/FlashScope.build/Debug/FlashScope.build/Objects-normal/x86_64/FlashScope-OutputFileMap.json

WriteAuxiliaryFile /Users/faisalmahmud/Downloads/FlashScope-fixed3/.artifacts/DerivedData/Build/Intermediates.noindex/FlashScope.build/Debug/FlashScope.build/FlashScope.DependencyStaticMetadataFileList (in target 'FlashScope' from project 'FlashScope')
    cd /Users/faisalmahmud/Downloads/FlashScope-fixed3
    write-file /Users/faisalmahmud/Downloads/FlashScope-fixed3/.artifacts/DerivedData/Build/Intermediates.noindex/FlashScope.build/Debug/FlashScope.build/FlashScope.DependencyStaticMetadataFileList

WriteAuxiliaryFile /Users/faisalmahmud/Downloads/FlashScope-fixed3/.artifacts/DerivedData/Build/Intermediates.noindex/FlashScope.build/Debug/FlashScope.build/FlashScope.DependencyMetadataFileList (in target 'FlashScope' from project 'FlashScope')
    cd /Users/faisalmahmud/Downloads/FlashScope-fixed3
    write-file /Users/faisalmahmud/Downloads/FlashScope-fixed3/.artifacts/DerivedData/Build/Intermediates.noindex/FlashScope.build/Debug/FlashScope.build/FlashScope.DependencyMetadataFileList

WriteAuxiliaryFile /Users/faisalmahmud/Downloads/FlashScope-fixed3/.artifacts/DerivedData/Build/Intermediates.noindex/FlashScope.build/Debug/FlashScope.build/FlashScope-DebugDylibPath-normal-x86_64.txt (in target 'FlashScope' from project 'FlashScope')
    cd /Users/faisalmahmud/Downloads/FlashScope-fixed3
    write-file /Users/faisalmahmud/Downloads/FlashScope-fixed3/.artifacts/DerivedData/Build/Intermediates.noindex/FlashScope.build/Debug/FlashScope.build/FlashScope-DebugDylibPath-normal-x86_64.txt

WriteAuxiliaryFile /Users/faisalmahmud/Downloads/FlashScope-fixed3/.artifacts/DerivedData/Build/Intermediates.noindex/FlashScope.build/Debug/FlashScope.build/FlashScope-generated-files.hmap (in target 'FlashScope' from project 'FlashScope')
    cd /Users/faisalmahmud/Downloads/FlashScope-fixed3
    write-file /Users/faisalmahmud/Downloads/FlashScope-fixed3/.artifacts/DerivedData/Build/Intermediates.noindex/FlashScope.build/Debug/FlashScope.build/FlashScope-generated-files.hmap

WriteAuxiliaryFile /Users/faisalmahmud/Downloads/FlashScope-fixed3/.artifacts/DerivedData/Build/Intermediates.noindex/FlashScope.build/Debug/FlashScope.build/FlashScope-DebugDylibInstallName-normal-x86_64.txt (in target 'FlashScope' from project 'FlashScope')
    cd /Users/faisalmahmud/Downloads/FlashScope-fixed3
    write-file /Users/faisalmahmud/Downloads/FlashScope-fixed3/.artifacts/DerivedData/Build/Intermediates.noindex/FlashScope.build/Debug/FlashScope.build/FlashScope-DebugDylibInstallName-normal-x86_64.txt

MkDir /Users/faisalmahmud/Downloads/FlashScope-fixed3/.artifacts/DerivedData/Build/Products/Debug/FlashScopeUITests-Runner.app/Contents/PlugIns/FlashScopeUITests.xctest/Contents (in target 'FlashScopeUITests' from project 'FlashScope')
    cd /Users/faisalmahmud/Downloads/FlashScope-fixed3
    /bin/mkdir -p /Users/faisalmahmud/Downloads/FlashScope-fixed3/.artifacts/DerivedData/Build/Products/Debug/FlashScopeUITests-Runner.app/Contents/PlugIns/FlashScopeUITests.xctest/Contents

MkDir /Users/faisalmahmud/Downloads/FlashScope-fixed3/.artifacts/DerivedData/Build/Products/Debug/FlashScopeUITests-Runner.app/Contents/PlugIns/FlashScopeUITests.xctest/Contents/MacOS (in target 'FlashScopeUITests' from project 'FlashScope')
    cd /Users/faisalmahmud/Downloads/FlashScope-fixed3
    /bin/mkdir -p /Users/faisalmahmud/Downloads/FlashScope-fixed3/.artifacts/DerivedData/Build/Products/Debug/FlashScopeUITests-Runner.app/Contents/PlugIns/FlashScopeUITests.xctest/Contents/MacOS

MkDir /Users/faisalmahmud/Downloads/FlashScope-fixed3/.artifacts/DerivedData/Build/Products/Debug/FlashScopeUITests-Runner.app/Contents/PlugIns/FlashScopeUITests.xctest (in target 'FlashScopeUITests' from project 'FlashScope')
    cd /Users/faisalmahmud/Downloads/FlashScope-fixed3
    /bin/mkdir -p /Users/faisalmahmud/Downloads/FlashScope-fixed3/.artifacts/DerivedData/Build/Products/Debug/FlashScopeUITests-Runner.app/Contents/PlugIns/FlashScopeUITests.xctest

MkDir /Users/faisalmahmud/Downloads/FlashScope-fixed3/.artifacts/DerivedData/Build/Products/Debug/FlashScope.app/Contents/PlugIns/FlashScopeIntegrationTests.xctest/Contents (in target 'FlashScopeIntegrationTests' from project 'FlashScope')
    cd /Users/faisalmahmud/Downloads/FlashScope-fixed3
    /bin/mkdir -p /Users/faisalmahmud/Downloads/FlashScope-fixed3/.artifacts/DerivedData/Build/Products/Debug/FlashScope.app/Contents/PlugIns/FlashScopeIntegrationTests.xctest/Contents

MkDir /Users/faisalmahmud/Downloads/FlashScope-fixed3/.artifacts/DerivedData/Build/Products/Debug/FlashScope.app/Contents/PlugIns/FlashScopeIntegrationTests.xctest (in target 'FlashScopeIntegrationTests' from project 'FlashScope')
    cd /Users/faisalmahmud/Downloads/FlashScope-fixed3
    /bin/mkdir -p /Users/faisalmahmud/Downloads/FlashScope-fixed3/.artifacts/DerivedData/Build/Products/Debug/FlashScope.app/Contents/PlugIns/FlashScopeIntegrationTests.xctest

MkDir /Users/faisalmahmud/Downloads/FlashScope-fixed3/.artifacts/DerivedData/Build/Products/Debug/FlashScope.app/Contents/PlugIns/FlashScopeIntegrationTests.xctest/Contents/MacOS (in target 'FlashScopeIntegrationTests' from project 'FlashScope')
    cd /Users/faisalmahmud/Downloads/FlashScope-fixed3
    /bin/mkdir -p /Users/faisalmahmud/Downloads/FlashScope-fixed3/.artifacts/DerivedData/Build/Products/Debug/FlashScope.app/Contents/PlugIns/FlashScopeIntegrationTests.xctest/Contents/MacOS

MkDir /Users/faisalmahmud/Downloads/FlashScope-fixed3/.artifacts/DerivedData/Build/Products/Debug/FlashScopeCoreTests.xctest/Contents/MacOS (in target 'FlashScopeCoreTests' from project 'FlashScope')
    cd /Users/faisalmahmud/Downloads/FlashScope-fixed3
    /bin/mkdir -p /Users/faisalmahmud/Downloads/FlashScope-fixed3/.artifacts/DerivedData/Build/Products/Debug/FlashScopeCoreTests.xctest/Contents/MacOS

MkDir /Users/faisalmahmud/Downloads/FlashScope-fixed3/.artifacts/DerivedData/Build/Products/Debug/FlashScopeCoreTests.xctest/Contents (in target 'FlashScopeCoreTests' from project 'FlashScope')
    cd /Users/faisalmahmud/Downloads/FlashScope-fixed3
    /bin/mkdir -p /Users/faisalmahmud/Downloads/FlashScope-fixed3/.artifacts/DerivedData/Build/Products/Debug/FlashScopeCoreTests.xctest/Contents

MkDir /Users/faisalmahmud/Downloads/FlashScope-fixed3/.artifacts/DerivedData/Build/Products/Debug/FlashScopeCoreTests.xctest (in target 'FlashScopeCoreTests' from project 'FlashScope')
    cd /Users/faisalmahmud/Downloads/FlashScope-fixed3
    /bin/mkdir -p /Users/faisalmahmud/Downloads/FlashScope-fixed3/.artifacts/DerivedData/Build/Products/Debug/FlashScopeCoreTests.xctest

SymLink /Users/faisalmahmud/Downloads/FlashScope-fixed3/.artifacts/DerivedData/Build/Products/Debug/FlashScopeCore.framework/Versions/Current A (in target 'FlashScopeCore' from project 'FlashScope')
    cd /Users/faisalmahmud/Downloads/FlashScope-fixed3
    /bin/ln -sfh A /Users/faisalmahmud/Downloads/FlashScope-fixed3/.artifacts/DerivedData/Build/Products/Debug/FlashScopeCore.framework/Versions/Current

SymLink /Users/faisalmahmud/Downloads/FlashScope-fixed3/.artifacts/DerivedData/Build/Products/Debug/FlashScopeCore.framework/Resources Versions/Current/Resources (in target 'FlashScopeCore' from project 'FlashScope')
    cd /Users/faisalmahmud/Downloads/FlashScope-fixed3
    /bin/ln -sfh Versions/Current/Resources /Users/faisalmahmud/Downloads/FlashScope-fixed3/.artifacts/DerivedData/Build/Products/Debug/FlashScopeCore.framework/Resources

SymLink /Users/faisalmahmud/Downloads/FlashScope-fixed3/.artifacts/DerivedData/Build/Products/Debug/FlashScopeCore.framework/Modules Versions/Current/Modules (in target 'FlashScopeCore' from project 'FlashScope')
    cd /Users/faisalmahmud/Downloads/FlashScope-fixed3
    /bin/ln -sfh Versions/Current/Modules /Users/faisalmahmud/Downloads/FlashScope-fixed3/.artifacts/DerivedData/Build/Products/Debug/FlashScopeCore.framework/Modules

SymLink /Users/faisalmahmud/Downloads/FlashScope-fixed3/.artifacts/DerivedData/Build/Products/Debug/FlashScopeCore.framework/Headers Versions/Current/Headers (in target 'FlashScopeCore' from project 'FlashScope')
    cd /Users/faisalmahmud/Downloads/FlashScope-fixed3
    /bin/ln -sfh Versions/Current/Headers /Users/faisalmahmud/Downloads/FlashScope-fixed3/.artifacts/DerivedData/Build/Products/Debug/FlashScopeCore.framework/Headers

MkDir /Users/faisalmahmud/Downloads/FlashScope-fixed3/.artifacts/DerivedData/Build/Products/Debug/FlashScopeCore.framework/Versions/A/Resources (in target 'FlashScopeCore' from project 'FlashScope')
    cd /Users/faisalmahmud/Downloads/FlashScope-fixed3
    /bin/mkdir -p /Users/faisalmahmud/Downloads/FlashScope-fixed3/.artifacts/DerivedData/Build/Products/Debug/FlashScopeCore.framework/Versions/A/Resources

SymLink /Users/faisalmahmud/Downloads/FlashScope-fixed3/.artifacts/DerivedData/Build/Products/Debug/FlashScopeCore.framework/FlashScopeCore Versions/Current/FlashScopeCore (in target 'FlashScopeCore' from project 'FlashScope')
    cd /Users/faisalmahmud/Downloads/FlashScope-fixed3
    /bin/ln -sfh Versions/Current/FlashScopeCore /Users/faisalmahmud/Downloads/FlashScope-fixed3/.artifacts/DerivedData/Build/Products/Debug/FlashScopeCore.framework/FlashScopeCore

MkDir /Users/faisalmahmud/Downloads/FlashScope-fixed3/.artifacts/DerivedData/Build/Products/Debug/FlashScopeCore.framework/Versions/A/Headers (in target 'FlashScopeCore' from project 'FlashScope')
    cd /Users/faisalmahmud/Downloads/FlashScope-fixed3
    /bin/mkdir -p /Users/faisalmahmud/Downloads/FlashScope-fixed3/.artifacts/DerivedData/Build/Products/Debug/FlashScopeCore.framework/Versions/A/Headers

MkDir /Users/faisalmahmud/Downloads/FlashScope-fixed3/.artifacts/DerivedData/Build/Products/Debug/FlashScopeCore.framework/Versions/A (in target 'FlashScopeCore' from project 'FlashScope')
    cd /Users/faisalmahmud/Downloads/FlashScope-fixed3
    /bin/mkdir -p /Users/faisalmahmud/Downloads/FlashScope-fixed3/.artifacts/DerivedData/Build/Products/Debug/FlashScopeCore.framework/Versions/A

MkDir /Users/faisalmahmud/Downloads/FlashScope-fixed3/.artifacts/DerivedData/Build/Products/Debug/FlashScopeCore.framework/Versions (in target 'FlashScopeCore' from project 'FlashScope')
    cd /Users/faisalmahmud/Downloads/FlashScope-fixed3
    /bin/mkdir -p /Users/faisalmahmud/Downloads/FlashScope-fixed3/.artifacts/DerivedData/Build/Products/Debug/FlashScopeCore.framework/Versions

MkDir /Users/faisalmahmud/Downloads/FlashScope-fixed3/.artifacts/DerivedData/Build/Products/Debug/FlashScopeCore.framework (in target 'FlashScopeCore' from project 'FlashScope')
    cd /Users/faisalmahmud/Downloads/FlashScope-fixed3
    /bin/mkdir -p /Users/faisalmahmud/Downloads/FlashScope-fixed3/.artifacts/DerivedData/Build/Products/Debug/FlashScopeCore.framework

MkDir /Users/faisalmahmud/Downloads/FlashScope-fixed3/.artifacts/DerivedData/Build/Products/Debug/FlashScope.app/Contents/PlugIns (in target 'FlashScope' from project 'FlashScope')
    cd /Users/faisalmahmud/Downloads/FlashScope-fixed3
    /bin/mkdir -p /Users/faisalmahmud/Downloads/FlashScope-fixed3/.artifacts/DerivedData/Build/Products/Debug/FlashScope.app/Contents/PlugIns

MkDir /Users/faisalmahmud/Downloads/FlashScope-fixed3/.artifacts/DerivedData/Build/Products/Debug/FlashScope.app/Contents/MacOS (in target 'FlashScope' from project 'FlashScope')
    cd /Users/faisalmahmud/Downloads/FlashScope-fixed3
    /bin/mkdir -p /Users/faisalmahmud/Downloads/FlashScope-fixed3/.artifacts/DerivedData/Build/Products/Debug/FlashScope.app/Contents/MacOS

MkDir /Users/faisalmahmud/Downloads/FlashScope-fixed3/.artifacts/DerivedData/Build/Products/Debug/FlashScope.app/Contents/Frameworks (in target 'FlashScope' from project 'FlashScope')
    cd /Users/faisalmahmud/Downloads/FlashScope-fixed3
    /bin/mkdir -p /Users/faisalmahmud/Downloads/FlashScope-fixed3/.artifacts/DerivedData/Build/Products/Debug/FlashScope.app/Contents/Frameworks

MkDir /Users/faisalmahmud/Downloads/FlashScope-fixed3/.artifacts/DerivedData/Build/Products/Debug/FlashScope.app/Contents (in target 'FlashScope' from project 'FlashScope')
    cd /Users/faisalmahmud/Downloads/FlashScope-fixed3
    /bin/mkdir -p /Users/faisalmahmud/Downloads/FlashScope-fixed3/.artifacts/DerivedData/Build/Products/Debug/FlashScope.app/Contents

ProcessInfoPlistFile /Users/faisalmahmud/Downloads/FlashScope-fixed3/.artifacts/DerivedData/Build/Products/Debug/FlashScopeCore.framework/Versions/A/Resources/Info.plist /Users/faisalmahmud/Downloads/FlashScope-fixed3/.artifacts/DerivedData/Build/Intermediates.noindex/FlashScope.build/Debug/FlashScopeCore.build/empty-FlashScopeCore.plist (in target 'FlashScopeCore' from project 'FlashScope')
    cd /Users/faisalmahmud/Downloads/FlashScope-fixed3
    builtin-infoPlistUtility /Users/faisalmahmud/Downloads/FlashScope-fixed3/.artifacts/DerivedData/Build/Intermediates.noindex/FlashScope.build/Debug/FlashScopeCore.build/empty-FlashScopeCore.plist -producttype com.apple.product-type.framework -expandbuildsettings -platform macosx -o /Users/faisalmahmud/Downloads/FlashScope-fixed3/.artifacts/DerivedData/Build/Products/Debug/FlashScopeCore.framework/Versions/A/Resources/Info.plist

SwiftDriver FlashScopeCore normal x86_64 com.apple.xcode.tools.swift.compiler (in target 'FlashScopeCore' from project 'FlashScope')
    cd /Users/faisalmahmud/Downloads/FlashScope-fixed3
    builtin-SwiftDriver -- /Applications/Xcode.app/Contents/Developer/Toolchains/XcodeDefault.xctoolchain/usr/bin/swiftc -module-name FlashScopeCore -Onone @/Users/faisalmahmud/Downloads/FlashScope-fixed3/.artifacts/DerivedData/Build/Intermediates.noindex/FlashScope.build/Debug/FlashScopeCore.build/Objects-normal/x86_64/FlashScopeCore.SwiftFileList -DDEBUG -enable-experimental-feature DebugDescriptionMacro -sdk /Applications/Xcode.app/Contents/Developer/Platforms/MacOSX.platform/Developer/SDKs/MacOSX26.5.sdk -target x86_64-apple-macos14.0 -g -module-cache-path /Users/faisalmahmud/Downloads/FlashScope-fixed3/.artifacts/DerivedData/ModuleCache.noindex -Xfrontend -serialize-debugging-options -enable-testing -index-store-path /Users/faisalmahmud/Downloads/FlashScope-fixed3/.artifacts/DerivedData/Index.noindex/DataStore -swift-version 6 -I /Users/faisalmahmud/Downloads/FlashScope-fixed3/.artifacts/DerivedData/Build/Products/Debug -F /Users/faisalmahmud/Downloads/FlashScope-fixed3/.artifacts/DerivedData/Build/Products/Debug -c -j8 -enable-batch-mode -incremental -Xcc -ivfsstatcache -Xcc /Users/faisalmahmud/Downloads/FlashScope-fixed3/.artifacts/DerivedData/SDKStatCaches.noindex/macosx26.5-25F70-e082c4a02f00227109f4ed75e425c832.sdkstatcache -output-file-map /Users/faisalmahmud/Downloads/FlashScope-fixed3/.artifacts/DerivedData/Build/Intermediates.noindex/FlashScope.build/Debug/FlashScopeCore.build/Objects-normal/x86_64/FlashScopeCore-OutputFileMap.json -use-frontend-parseable-output -save-temps -no-color-diagnostics -explicit-module-build -module-cache-path /Users/faisalmahmud/Downloads/FlashScope-fixed3/.artifacts/DerivedData/Build/Intermediates.noindex/SwiftExplicitPrecompiledModules -clang-scanner-module-cache-path /Users/faisalmahmud/Downloads/FlashScope-fixed3/.artifacts/DerivedData/ModuleCache.noindex -sdk-module-cache-path /Users/faisalmahmud/Downloads/FlashScope-fixed3/.artifacts/DerivedData/ModuleCache.noindex -serialize-diagnostics -emit-dependencies -emit-module -emit-module-path /Users/faisalmahmud/Downloads/FlashScope-fixed3/.artifacts/DerivedData/Build/Intermediates.noindex/FlashScope.build/Debug/FlashScopeCore.build/Objects-normal/x86_64/FlashScopeCore.swiftmodule -validate-clang-modules-once -clang-build-session-file /Users/faisalmahmud/Downloads/FlashScope-fixed3/.artifacts/DerivedData/ModuleCache.noindex/Session.modulevalidation -Xcc -I/Users/faisalmahmud/Downloads/FlashScope-fixed3/.artifacts/DerivedData/Build/Intermediates.noindex/FlashScope.build/Debug/FlashScopeCore.build/swift-overrides.hmap -emit-const-values -Xfrontend -const-gather-protocols-file -Xfrontend /Users/faisalmahmud/Downloads/FlashScope-fixed3/.artifacts/DerivedData/Build/Intermediates.noindex/FlashScope.build/Debug/FlashScopeCore.build/Objects-normal/x86_64/FlashScopeCore_const_extract_protocols.json -Xcc -iquote -Xcc /Users/faisalmahmud/Downloads/FlashScope-fixed3/.artifacts/DerivedData/Build/Intermediates.noindex/FlashScope.build/Debug/FlashScopeCore.build/FlashScopeCore-generated-files.hmap -Xcc -I/Users/faisalmahmud/Downloads/FlashScope-fixed3/.artifacts/DerivedData/Build/Intermediates.noindex/FlashScope.build/Debug/FlashScopeCore.build/FlashScopeCore-own-target-headers.hmap -Xcc -I/Users/faisalmahmud/Downloads/FlashScope-fixed3/.artifacts/DerivedData/Build/Intermediates.noindex/FlashScope.build/Debug/FlashScopeCore.build/FlashScopeCore-all-non-framework-target-headers.hmap -Xcc -ivfsoverlay -Xcc /Users/faisalmahmud/Downloads/FlashScope-fixed3/.artifacts/DerivedData/Build/Intermediates.noindex/FlashScope.build/Debug/FlashScope-35eb7d1e5bec2298583130c899748a02-VFS/all-product-headers.yaml -Xcc -iquote -Xcc /Users/faisalmahmud/Downloads/FlashScope-fixed3/.artifacts/DerivedData/Build/Intermediates.noindex/FlashScope.build/Debug/FlashScopeCore.build/FlashScopeCore-project-headers.hmap -Xcc -I/Users/faisalmahmud/Downloads/FlashScope-fixed3/.artifacts/DerivedData/Build/Products/Debug/include -Xcc -I/Users/faisalmahmud/Downloads/FlashScope-fixed3/.artifacts/DerivedData/Build/Intermediates.noindex/FlashScope.build/Debug/FlashScopeCore.build/DerivedSources-normal/x86_64 -Xcc -I/Users/faisalmahmud/Downloads/FlashScope-fixed3/.artifacts/DerivedData/Build/Intermediates.noindex/FlashScope.build/Debug/FlashScopeCore.build/DerivedSources/x86_64 -Xcc -I/Users/faisalmahmud/Downloads/FlashScope-fixed3/.artifacts/DerivedData/Build/Intermediates.noindex/FlashScope.build/Debug/FlashScopeCore.build/DerivedSources -emit-objc-header -emit-objc-header-path /Users/faisalmahmud/Downloads/FlashScope-fixed3/.artifacts/DerivedData/Build/Intermediates.noindex/FlashScope.build/Debug/FlashScopeCore.build/Objects-normal/x86_64/FlashScopeCore-Swift.h -working-directory /Users/faisalmahmud/Downloads/FlashScope-fixed3 -experimental-emit-module-separately -disable-cmo

SwiftExplicitDependencyGeneratePcm x86_64 /Users/faisalmahmud/Downloads/FlashScope-fixed3/.artifacts/DerivedData/ModuleCache.noindex/_Builtin_stdbool-B9AHCCD581XO7X6LBBVHJTI79.pcm

SwiftExplicitDependencyGeneratePcm x86_64 /Users/faisalmahmud/Downloads/FlashScope-fixed3/.artifacts/DerivedData/ModuleCache.noindex/ptrcheck-8ZBJ6AYDC6KG63J5QKJVLCPDB.pcm

SwiftExplicitDependencyGeneratePcm x86_64 /Users/faisalmahmud/Downloads/FlashScope-fixed3/.artifacts/DerivedData/ModuleCache.noindex/_Builtin_stddef-B2ATIVF36WF3VA53V2C58A6AN.pcm

SwiftExplicitDependencyGeneratePcm x86_64 /Users/faisalmahmud/Downloads/FlashScope-fixed3/.artifacts/DerivedData/ModuleCache.noindex/SwiftShims-4DO8LXUYFVS8RNJJZK9OKDNTU.pcm

SwiftExplicitDependencyGeneratePcm x86_64 /Users/faisalmahmud/Downloads/FlashScope-fixed3/.artifacts/DerivedData/ModuleCache.noindex/ptrauth-3UYNT0H8C2I5F0CJDWCL6T28Q.pcm

SwiftExplicitDependencyGeneratePcm x86_64 /Users/faisalmahmud/Downloads/FlashScope-fixed3/.artifacts/DerivedData/ModuleCache.noindex/_Builtin_float-5BM5YBSQIBC6ADCS0I8ZVNROE.pcm

SwiftExplicitDependencyGeneratePcm x86_64 /Users/faisalmahmud/Downloads/FlashScope-fixed3/.artifacts/DerivedData/ModuleCache.noindex/_SwiftConcurrencyShims-8L6DEIRSNKC1E7TY6PACIOJ6G.pcm

SwiftExplicitDependencyGeneratePcm x86_64 /Users/faisalmahmud/Downloads/FlashScope-fixed3/.artifacts/DerivedData/ModuleCache.noindex/_AvailabilityInternal-33F03C0WF6NAGUXSIXT64CTD0.pcm

SwiftExplicitDependencyGeneratePcm x86_64 /Users/faisalmahmud/Downloads/FlashScope-fixed3/.artifacts/DerivedData/ModuleCache.noindex/_Builtin_stdarg-4FU89ID7S3H5BNW0KQ3ANHDGT.pcm

SwiftExplicitDependencyGeneratePcm x86_64 /Users/faisalmahmud/Downloads/FlashScope-fixed3/.artifacts/DerivedData/ModuleCache.noindex/_DarwinFoundation1-BCOJ0NEDN40JRSCZL89QC2QBP.pcm

SwiftExplicitDependencyGeneratePcm x86_64 /Users/faisalmahmud/Downloads/FlashScope-fixed3/.artifacts/DerivedData/ModuleCache.noindex/_DarwinFoundation2-2ADVQWDFLGOFIPZ9IFDEQ5P4C.pcm

SwiftExplicitDependencyGeneratePcm x86_64 /Users/faisalmahmud/Downloads/FlashScope-fixed3/.artifacts/DerivedData/ModuleCache.noindex/_Builtin_limits-1GFUUHQGVBV04CHOCGHK7C9HH.pcm

SwiftExplicitDependencyGeneratePcm x86_64 /Users/faisalmahmud/Downloads/FlashScope-fixed3/.artifacts/DerivedData/ModuleCache.noindex/sys_types-5XXW0LZNKO7ATDULVNCDIIY8Z.pcm

SwiftExplicitDependencyGeneratePcm x86_64 /Users/faisalmahmud/Downloads/FlashScope-fixed3/.artifacts/DerivedData/ModuleCache.noindex/_Builtin_stdint-C87G5F7X6WZWGH06E8SVNUAJC.pcm

SwiftExplicitDependencyGeneratePcm x86_64 /Users/faisalmahmud/Downloads/FlashScope-fixed3/.artifacts/DerivedData/ModuleCache.noindex/_DarwinFoundation3-A56KKUBZ2AKG5I5CSLWR5RW4O.pcm

SwiftExplicitDependencyGeneratePcm x86_64 /Users/faisalmahmud/Downloads/FlashScope-fixed3/.artifacts/DerivedData/ModuleCache.noindex/libDER-12FBMMZX1Q4T2SN7535TFNLQP.pcm

SwiftExplicitDependencyGeneratePcm x86_64 /Users/faisalmahmud/Downloads/FlashScope-fixed3/.artifacts/DerivedData/ModuleCache.noindex/_Builtin_intrinsics-43GN27432YMMYWMMMB53DUOGT.pcm

SwiftExplicitDependencyGeneratePcm x86_64 /Users/faisalmahmud/Downloads/FlashScope-fixed3/.artifacts/DerivedData/ModuleCache.noindex/_Builtin_inttypes-F47H1Q242DRLYIUDNZ9OC4N1J.pcm

SwiftExplicitDependencyGeneratePcm x86_64 /Users/faisalmahmud/Downloads/FlashScope-fixed3/.artifacts/DerivedData/ModuleCache.noindex/Darwin-3YTA8VYPPJMWLFM6A91A1G8PU.pcm

SwiftExplicitDependencyGeneratePcm x86_64 /Users/faisalmahmud/Downloads/FlashScope-fixed3/.artifacts/DerivedData/ModuleCache.noindex/MachO-1GFRT7BJYH42NPAM31NVDKT3B.pcm

SwiftExplicitDependencyGeneratePcm x86_64 /Users/faisalmahmud/Downloads/FlashScope-fixed3/.artifacts/DerivedData/ModuleCache.noindex/libkern-8E58Y2M2JYK68FROVJAN1G05Q.pcm

SwiftExplicitDependencyGeneratePcm x86_64 /Users/faisalmahmud/Downloads/FlashScope-fixed3/.artifacts/DerivedData/ModuleCache.noindex/launch-5HDHZDCCCJPYHTZRPQQ7Q92V3.pcm

SwiftExplicitDependencyGeneratePcm x86_64 /Users/faisalmahmud/Downloads/FlashScope-fixed3/.artifacts/DerivedData/ModuleCache.noindex/ObjectiveC-EDN7HBH99TBC2J7ZUVWUQ4XSM.pcm

SwiftExplicitDependencyGeneratePcm x86_64 /Users/faisalmahmud/Downloads/FlashScope-fixed3/.artifacts/DerivedData/ModuleCache.noindex/os_object-93PAV6LVSG9KF6WJXJ5S0PI5T.pcm

SwiftExplicitDependencyGeneratePcm x86_64 /Users/faisalmahmud/Downloads/FlashScope-fixed3/.artifacts/DerivedData/ModuleCache.noindex/os_workgroup-E29786PPJT88M1C718ZELDLJ7.pcm

SwiftExplicitDependencyGeneratePcm x86_64 /Users/faisalmahmud/Downloads/FlashScope-fixed3/.artifacts/DerivedData/ModuleCache.noindex/Dispatch-8CSDD7GCGN356VGS7DJH3X8Y1.pcm

SwiftExplicitDependencyGeneratePcm x86_64 /Users/faisalmahmud/Downloads/FlashScope-fixed3/.artifacts/DerivedData/ModuleCache.noindex/XPC-CAA3X1EEOE88HRHE1WKQY4S1F.pcm

SwiftExplicitDependencyGeneratePcm x86_64 /Users/faisalmahmud/Downloads/FlashScope-fixed3/.artifacts/DerivedData/ModuleCache.noindex/CoreFoundation-B6L05V3DPJJF3KEE0XTHDAM5E.pcm

SwiftExplicitDependencyGeneratePcm x86_64 /Users/faisalmahmud/Downloads/FlashScope-fixed3/.artifacts/DerivedData/ModuleCache.noindex/Security-D9LRVYQLJ1RQJAGRX1FXCT26F.pcm

SwiftExplicitDependencyGeneratePcm x86_64 /Users/faisalmahmud/Downloads/FlashScope-fixed3/.artifacts/DerivedData/ModuleCache.noindex/CFNetwork-EJILBAH9G4RALGMF1T94GQOEI.pcm

SwiftExplicitDependencyGeneratePcm x86_64 /Users/faisalmahmud/Downloads/FlashScope-fixed3/.artifacts/DerivedData/ModuleCache.noindex/IOKit-AH3YVDRQB822ZZX2CA5NA4JBK.pcm

SwiftExplicitDependencyGeneratePcm x86_64 /Users/faisalmahmud/Downloads/FlashScope-fixed3/.artifacts/DerivedData/ModuleCache.noindex/DiskArbitration-4E33EOJYX2JWOQK1Z6NU105I3.pcm

SwiftExplicitDependencyGeneratePcm x86_64 /Users/faisalmahmud/Downloads/FlashScope-fixed3/.artifacts/DerivedData/ModuleCache.noindex/CoreServices-A7HYVXNDVNA5WR94E3PUYL9TB.pcm

SwiftExplicitDependencyGeneratePcm x86_64 /Users/faisalmahmud/Downloads/FlashScope-fixed3/.artifacts/DerivedData/ModuleCache.noindex/Foundation-CHPEP8PJFPP0K2CSXFSCLYDYE.pcm

SwiftCompile normal x86_64 Compiling\ ServiceProtocols.swift /Users/faisalmahmud/Downloads/FlashScope-fixed3/Sources/FlashScopeCore/ServiceProtocols.swift (in target 'FlashScopeCore' from project 'FlashScope')

SwiftCompile normal x86_64 /Users/faisalmahmud/Downloads/FlashScope-fixed3/Sources/FlashScopeCore/ServiceProtocols.swift (in target 'FlashScopeCore' from project 'FlashScope')
    cd /Users/faisalmahmud/Downloads/FlashScope-fixed3
    

SwiftCompile normal x86_64 Compiling\ SafeTemporaryPath.swift /Users/faisalmahmud/Downloads/FlashScope-fixed3/Sources/FlashScopeCore/SafeTemporaryPath.swift (in target 'FlashScopeCore' from project 'FlashScope')

SwiftCompile normal x86_64 /Users/faisalmahmud/Downloads/FlashScope-fixed3/Sources/FlashScopeCore/SafeTemporaryPath.swift (in target 'FlashScopeCore' from project 'FlashScope')
    cd /Users/faisalmahmud/Downloads/FlashScope-fixed3
    

SwiftEmitModule normal x86_64 Emitting\ module\ for\ FlashScopeCore (in target 'FlashScopeCore' from project 'FlashScope')

EmitSwiftModule normal x86_64 (in target 'FlashScopeCore' from project 'FlashScope')
    cd /Users/faisalmahmud/Downloads/FlashScope-fixed3
    

SwiftCompile normal x86_64 Compiling\ USBDescriptorParser.swift /Users/faisalmahmud/Downloads/FlashScope-fixed3/Sources/FlashScopeCore/USBDescriptorParser.swift (in target 'FlashScopeCore' from project 'FlashScope')

SwiftCompile normal x86_64 /Users/faisalmahmud/Downloads/FlashScope-fixed3/Sources/FlashScopeCore/USBDescriptorParser.swift (in target 'FlashScopeCore' from project 'FlashScope')
    cd /Users/faisalmahmud/Downloads/FlashScope-fixed3
    

SwiftCompile normal x86_64 Compiling\ Formatting.swift,\ OrphanCleanup.swift /Users/faisalmahmud/Downloads/FlashScope-fixed3/Sources/FlashScopeCore/Formatting.swift /Users/faisalmahmud/Downloads/FlashScope-fixed3/Sources/FlashScopeCore/OrphanCleanup.swift (in target 'FlashScopeCore' from project 'FlashScope')

SwiftCompile normal x86_64 /Users/faisalmahmud/Downloads/FlashScope-fixed3/Sources/FlashScopeCore/Formatting.swift (in target 'FlashScopeCore' from project 'FlashScope')
    cd /Users/faisalmahmud/Downloads/FlashScope-fixed3
    

SwiftCompile normal x86_64 /Users/faisalmahmud/Downloads/FlashScope-fixed3/Sources/FlashScopeCore/OrphanCleanup.swift (in target 'FlashScopeCore' from project 'FlashScope')
    cd /Users/faisalmahmud/Downloads/FlashScope-fixed3
    

SwiftCompile normal x86_64 Compiling\ ReportGenerator.swift,\ SHA256.swift /Users/faisalmahmud/Downloads/FlashScope-fixed3/Sources/FlashScopeCore/ReportGenerator.swift /Users/faisalmahmud/Downloads/FlashScope-fixed3/Sources/FlashScopeCore/SHA256.swift (in target 'FlashScopeCore' from project 'FlashScope')

SwiftCompile normal x86_64 /Users/faisalmahmud/Downloads/FlashScope-fixed3/Sources/FlashScopeCore/ReportGenerator.swift (in target 'FlashScopeCore' from project 'FlashScope')
    cd /Users/faisalmahmud/Downloads/FlashScope-fixed3
    

SwiftCompile normal x86_64 /Users/faisalmahmud/Downloads/FlashScope-fixed3/Sources/FlashScopeCore/SHA256.swift (in target 'FlashScopeCore' from project 'FlashScope')
    cd /Users/faisalmahmud/Downloads/FlashScope-fixed3
    

SwiftCompile normal x86_64 Compiling\ DiagnosisEngine.swift,\ DomainModels.swift /Users/faisalmahmud/Downloads/FlashScope-fixed3/Sources/FlashScopeCore/DiagnosisEngine.swift /Users/faisalmahmud/Downloads/FlashScope-fixed3/Sources/FlashScopeCore/DomainModels.swift (in target 'FlashScopeCore' from project 'FlashScope')
SwiftCompile normal x86_64 /Users/faisalmahmud/Downloads/FlashScope-fixed3/Sources/FlashScopeCore/DiagnosisEngine.swift (in target 'FlashScopeCore' from project 'FlashScope')
    cd /Users/faisalmahmud/Downloads/FlashScope-fixed3
    

SwiftCompile normal x86_64 /Users/faisalmahmud/Downloads/FlashScope-fixed3/Sources/FlashScopeCore/DomainModels.swift (in target 'FlashScopeCore' from project 'FlashScope')
    cd /Users/faisalmahmud/Downloads/FlashScope-fixed3
    

SwiftCompile normal x86_64 Compiling\ Availability.swift,\ BenchmarkEngine.swift /Users/faisalmahmud/Downloads/FlashScope-fixed3/Sources/FlashScopeCore/Availability.swift /Users/faisalmahmud/Downloads/FlashScope-fixed3/Sources/FlashScopeCore/BenchmarkEngine.swift (in target 'FlashScopeCore' from project 'FlashScope')

SwiftCompile normal x86_64 /Users/faisalmahmud/Downloads/FlashScope-fixed3/Sources/FlashScopeCore/Availability.swift (in target 'FlashScopeCore' from project 'FlashScope')
    cd /Users/faisalmahmud/Downloads/FlashScope-fixed3
    

SwiftCompile normal x86_64 /Users/faisalmahmud/Downloads/FlashScope-fixed3/Sources/FlashScopeCore/BenchmarkEngine.swift (in target 'FlashScopeCore' from project 'FlashScope')
    cd /Users/faisalmahmud/Downloads/FlashScope-fixed3
    

SwiftCompile normal x86_64 Compiling\ DriveIdentity.swift,\ Fixtures.swift /Users/faisalmahmud/Downloads/FlashScope-fixed3/Sources/FlashScopeCore/DriveIdentity.swift /Users/faisalmahmud/Downloads/FlashScope-fixed3/Sources/FlashScopeCore/Fixtures.swift (in target 'FlashScopeCore' from project 'FlashScope')

SwiftCompile normal x86_64 /Users/faisalmahmud/Downloads/FlashScope-fixed3/Sources/FlashScopeCore/DriveIdentity.swift (in target 'FlashScopeCore' from project 'FlashScope')
    cd /Users/faisalmahmud/Downloads/FlashScope-fixed3
    

SwiftCompile normal x86_64 /Users/faisalmahmud/Downloads/FlashScope-fixed3/Sources/FlashScopeCore/Fixtures.swift (in target 'FlashScopeCore' from project 'FlashScope')
    cd /Users/faisalmahmud/Downloads/FlashScope-fixed3
    

SwiftDriverJobDiscovery normal x86_64 Emitting module for FlashScopeCore (in target 'FlashScopeCore' from project 'FlashScope')

SwiftDriver\ Compilation\ Requirements FlashScopeCore normal x86_64 com.apple.xcode.tools.swift.compiler (in target 'FlashScopeCore' from project 'FlashScope')
    cd /Users/faisalmahmud/Downloads/FlashScope-fixed3
    builtin-Swift-Compilation-Requirements -- /Applications/Xcode.app/Contents/Developer/Toolchains/XcodeDefault.xctoolchain/usr/bin/swiftc -module-name FlashScopeCore -Onone @/Users/faisalmahmud/Downloads/FlashScope-fixed3/.artifacts/DerivedData/Build/Intermediates.noindex/FlashScope.build/Debug/FlashScopeCore.build/Objects-normal/x86_64/FlashScopeCore.SwiftFileList -DDEBUG -enable-experimental-feature DebugDescriptionMacro -sdk /Applications/Xcode.app/Contents/Developer/Platforms/MacOSX.platform/Developer/SDKs/MacOSX26.5.sdk -target x86_64-apple-macos14.0 -g -module-cache-path /Users/faisalmahmud/Downloads/FlashScope-fixed3/.artifacts/DerivedData/ModuleCache.noindex -Xfrontend -serialize-debugging-options -enable-testing -index-store-path /Users/faisalmahmud/Downloads/FlashScope-fixed3/.artifacts/DerivedData/Index.noindex/DataStore -swift-version 6 -I /Users/faisalmahmud/Downloads/FlashScope-fixed3/.artifacts/DerivedData/Build/Products/Debug -F /Users/faisalmahmud/Downloads/FlashScope-fixed3/.artifacts/DerivedData/Build/Products/Debug -c -j8 -enable-batch-mode -incremental -Xcc -ivfsstatcache -Xcc /Users/faisalmahmud/Downloads/FlashScope-fixed3/.artifacts/DerivedData/SDKStatCaches.noindex/macosx26.5-25F70-e082c4a02f00227109f4ed75e425c832.sdkstatcache -output-file-map /Users/faisalmahmud/Downloads/FlashScope-fixed3/.artifacts/DerivedData/Build/Intermediates.noindex/FlashScope.build/Debug/FlashScopeCore.build/Objects-normal/x86_64/FlashScopeCore-OutputFileMap.json -use-frontend-parseable-output -save-temps -no-color-diagnostics -explicit-module-build -module-cache-path /Users/faisalmahmud/Downloads/FlashScope-fixed3/.artifacts/DerivedData/Build/Intermediates.noindex/SwiftExplicitPrecompiledModules -clang-scanner-module-cache-path /Users/faisalmahmud/Downloads/FlashScope-fixed3/.artifacts/DerivedData/ModuleCache.noindex -sdk-module-cache-path /Users/faisalmahmud/Downloads/FlashScope-fixed3/.artifacts/DerivedData/ModuleCache.noindex -serialize-diagnostics -emit-dependencies -emit-module -emit-module-path /Users/faisalmahmud/Downloads/FlashScope-fixed3/.artifacts/DerivedData/Build/Intermediates.noindex/FlashScope.build/Debug/FlashScopeCore.build/Objects-normal/x86_64/FlashScopeCore.swiftmodule -validate-clang-modules-once -clang-build-session-file /Users/faisalmahmud/Downloads/FlashScope-fixed3/.artifacts/DerivedData/ModuleCache.noindex/Session.modulevalidation -Xcc -I/Users/faisalmahmud/Downloads/FlashScope-fixed3/.artifacts/DerivedData/Build/Intermediates.noindex/FlashScope.build/Debug/FlashScopeCore.build/swift-overrides.hmap -emit-const-values -Xfrontend -const-gather-protocols-file -Xfrontend /Users/faisalmahmud/Downloads/FlashScope-fixed3/.artifacts/DerivedData/Build/Intermediates.noindex/FlashScope.build/Debug/FlashScopeCore.build/Objects-normal/x86_64/FlashScopeCore_const_extract_protocols.json -Xcc -iquote -Xcc /Users/faisalmahmud/Downloads/FlashScope-fixed3/.artifacts/DerivedData/Build/Intermediates.noindex/FlashScope.build/Debug/FlashScopeCore.build/FlashScopeCore-generated-files.hmap -Xcc -I/Users/faisalmahmud/Downloads/FlashScope-fixed3/.artifacts/DerivedData/Build/Intermediates.noindex/FlashScope.build/Debug/FlashScopeCore.build/FlashScopeCore-own-target-headers.hmap -Xcc -I/Users/faisalmahmud/Downloads/FlashScope-fixed3/.artifacts/DerivedData/Build/Intermediates.noindex/FlashScope.build/Debug/FlashScopeCore.build/FlashScopeCore-all-non-framework-target-headers.hmap -Xcc -ivfsoverlay -Xcc /Users/faisalmahmud/Downloads/FlashScope-fixed3/.artifacts/DerivedData/Build/Intermediates.noindex/FlashScope.build/Debug/FlashScope-35eb7d1e5bec2298583130c899748a02-VFS/all-product-headers.yaml -Xcc -iquote -Xcc /Users/faisalmahmud/Downloads/FlashScope-fixed3/.artifacts/DerivedData/Build/Intermediates.noindex/FlashScope.build/Debug/FlashScopeCore.build/FlashScopeCore-project-headers.hmap -Xcc -I/Users/faisalmahmud/Downloads/FlashScope-fixed3/.artifacts/DerivedData/Build/Products/Debug/include -Xcc -I/Users/faisalmahmud/Downloads/FlashScope-fixed3/.artifacts/DerivedData/Build/Intermediates.noindex/FlashScope.build/Debug/FlashScopeCore.build/DerivedSources-normal/x86_64 -Xcc -I/Users/faisalmahmud/Downloads/FlashScope-fixed3/.artifacts/DerivedData/Build/Intermediates.noindex/FlashScope.build/Debug/FlashScopeCore.build/DerivedSources/x86_64 -Xcc -I/Users/faisalmahmud/Downloads/FlashScope-fixed3/.artifacts/DerivedData/Build/Intermediates.noindex/FlashScope.build/Debug/FlashScopeCore.build/DerivedSources -emit-objc-header -emit-objc-header-path /Users/faisalmahmud/Downloads/FlashScope-fixed3/.artifacts/DerivedData/Build/Intermediates.noindex/FlashScope.build/Debug/FlashScopeCore.build/Objects-normal/x86_64/FlashScopeCore-Swift.h -working-directory /Users/faisalmahmud/Downloads/FlashScope-fixed3 -experimental-emit-module-separately -disable-cmo

SwiftDriverJobDiscovery normal x86_64 Compiling ReportGenerator.swift, SHA256.swift (in target 'FlashScopeCore' from project 'FlashScope')

SwiftDriverJobDiscovery normal x86_64 Compiling Formatting.swift, OrphanCleanup.swift (in target 'FlashScopeCore' from project 'FlashScope')

SwiftMergeGeneratedHeaders /Users/faisalmahmud/Downloads/FlashScope-fixed3/.artifacts/DerivedData/Build/Products/Debug/FlashScopeCore.framework/Versions/A/Headers/FlashScopeCore-Swift.h /Users/faisalmahmud/Downloads/FlashScope-fixed3/.artifacts/DerivedData/Build/Intermediates.noindex/FlashScope.build/Debug/FlashScopeCore.build/Objects-normal/x86_64/FlashScopeCore-Swift.h (in target 'FlashScopeCore' from project 'FlashScope')
    cd /Users/faisalmahmud/Downloads/FlashScope-fixed3
    builtin-swiftHeaderTool -arch x86_64 /Users/faisalmahmud/Downloads/FlashScope-fixed3/.artifacts/DerivedData/Build/Intermediates.noindex/FlashScope.build/Debug/FlashScopeCore.build/Objects-normal/x86_64/FlashScopeCore-Swift.h -o /Users/faisalmahmud/Downloads/FlashScope-fixed3/.artifacts/DerivedData/Build/Products/Debug/FlashScopeCore.framework/Versions/A/Headers/FlashScopeCore-Swift.h

Copy /Users/faisalmahmud/Downloads/FlashScope-fixed3/.artifacts/DerivedData/Build/Products/Debug/FlashScopeCore.framework/Versions/A/Modules/FlashScopeCore.swiftmodule/x86_64-apple-macos.swiftmodule /Users/faisalmahmud/Downloads/FlashScope-fixed3/.artifacts/DerivedData/Build/Intermediates.noindex/FlashScope.build/Debug/FlashScopeCore.build/Objects-normal/x86_64/FlashScopeCore.swiftmodule (in target 'FlashScopeCore' from project 'FlashScope')
    cd /Users/faisalmahmud/Downloads/FlashScope-fixed3
    builtin-copy -exclude .DS_Store -exclude CVS -exclude .svn -exclude .git -exclude .hg -strip-unsigned-binaries -strip-deterministic -strip-tool /Applications/Xcode.app/Contents/Developer/Toolchains/XcodeDefault.xctoolchain/usr/bin/strip -resolve-src-symlinks -rename /Users/faisalmahmud/Downloads/FlashScope-fixed3/.artifacts/DerivedData/Build/Intermediates.noindex/FlashScope.build/Debug/FlashScopeCore.build/Objects-normal/x86_64/FlashScopeCore.swiftmodule /Users/faisalmahmud/Downloads/FlashScope-fixed3/.artifacts/DerivedData/Build/Products/Debug/FlashScopeCore.framework/Versions/A/Modules/FlashScopeCore.swiftmodule/x86_64-apple-macos.swiftmodule

Copy /Users/faisalmahmud/Downloads/FlashScope-fixed3/.artifacts/DerivedData/Build/Products/Debug/FlashScopeCore.framework/Versions/A/Modules/FlashScopeCore.swiftmodule/x86_64-apple-macos.swiftdoc /Users/faisalmahmud/Downloads/FlashScope-fixed3/.artifacts/DerivedData/Build/Intermediates.noindex/FlashScope.build/Debug/FlashScopeCore.build/Objects-normal/x86_64/FlashScopeCore.swiftdoc (in target 'FlashScopeCore' from project 'FlashScope')
    cd /Users/faisalmahmud/Downloads/FlashScope-fixed3
    builtin-copy -exclude .DS_Store -exclude CVS -exclude .svn -exclude .git -exclude .hg -strip-unsigned-binaries -strip-deterministic -strip-tool /Applications/Xcode.app/Contents/Developer/Toolchains/XcodeDefault.xctoolchain/usr/bin/strip -resolve-src-symlinks -rename /Users/faisalmahmud/Downloads/FlashScope-fixed3/.artifacts/DerivedData/Build/Intermediates.noindex/FlashScope.build/Debug/FlashScopeCore.build/Objects-normal/x86_64/FlashScopeCore.swiftdoc /Users/faisalmahmud/Downloads/FlashScope-fixed3/.artifacts/DerivedData/Build/Products/Debug/FlashScopeCore.framework/Versions/A/Modules/FlashScopeCore.swiftmodule/x86_64-apple-macos.swiftdoc

Copy /Users/faisalmahmud/Downloads/FlashScope-fixed3/.artifacts/DerivedData/Build/Products/Debug/FlashScopeCore.framework/Versions/A/Modules/FlashScopeCore.swiftmodule/x86_64-apple-macos.abi.json /Users/faisalmahmud/Downloads/FlashScope-fixed3/.artifacts/DerivedData/Build/Intermediates.noindex/FlashScope.build/Debug/FlashScopeCore.build/Objects-normal/x86_64/FlashScopeCore.abi.json (in target 'FlashScopeCore' from project 'FlashScope')
    cd /Users/faisalmahmud/Downloads/FlashScope-fixed3
    builtin-copy -exclude .DS_Store -exclude CVS -exclude .svn -exclude .git -exclude .hg -strip-unsigned-binaries -strip-deterministic -strip-tool /Applications/Xcode.app/Contents/Developer/Toolchains/XcodeDefault.xctoolchain/usr/bin/strip -resolve-src-symlinks -rename /Users/faisalmahmud/Downloads/FlashScope-fixed3/.artifacts/DerivedData/Build/Intermediates.noindex/FlashScope.build/Debug/FlashScopeCore.build/Objects-normal/x86_64/FlashScopeCore.abi.json /Users/faisalmahmud/Downloads/FlashScope-fixed3/.artifacts/DerivedData/Build/Products/Debug/FlashScopeCore.framework/Versions/A/Modules/FlashScopeCore.swiftmodule/x86_64-apple-macos.abi.json

Copy /Users/faisalmahmud/Downloads/FlashScope-fixed3/.artifacts/DerivedData/Build/Products/Debug/FlashScopeCore.framework/Versions/A/Modules/FlashScopeCore.swiftmodule/Project/x86_64-apple-macos.swiftsourceinfo /Users/faisalmahmud/Downloads/FlashScope-fixed3/.artifacts/DerivedData/Build/Intermediates.noindex/FlashScope.build/Debug/FlashScopeCore.build/Objects-normal/x86_64/FlashScopeCore.swiftsourceinfo (in target 'FlashScopeCore' from project 'FlashScope')
    cd /Users/faisalmahmud/Downloads/FlashScope-fixed3
    builtin-copy -exclude .DS_Store -exclude CVS -exclude .svn -exclude .git -exclude .hg -strip-unsigned-binaries -strip-deterministic -strip-tool /Applications/Xcode.app/Contents/Developer/Toolchains/XcodeDefault.xctoolchain/usr/bin/strip -resolve-src-symlinks -rename /Users/faisalmahmud/Downloads/FlashScope-fixed3/.artifacts/DerivedData/Build/Intermediates.noindex/FlashScope.build/Debug/FlashScopeCore.build/Objects-normal/x86_64/FlashScopeCore.swiftsourceinfo /Users/faisalmahmud/Downloads/FlashScope-fixed3/.artifacts/DerivedData/Build/Products/Debug/FlashScopeCore.framework/Versions/A/Modules/FlashScopeCore.swiftmodule/Project/x86_64-apple-macos.swiftsourceinfo

SwiftDriver FlashScopeCoreTests normal x86_64 com.apple.xcode.tools.swift.compiler (in target 'FlashScopeCoreTests' from project 'FlashScope')
    cd /Users/faisalmahmud/Downloads/FlashScope-fixed3
    builtin-SwiftDriver -- /Applications/Xcode.app/Contents/Developer/Toolchains/XcodeDefault.xctoolchain/usr/bin/swiftc -module-name FlashScopeCoreTests -Onone @/Users/faisalmahmud/Downloads/FlashScope-fixed3/.artifacts/DerivedData/Build/Intermediates.noindex/FlashScope.build/Debug/FlashScopeCoreTests.build/Objects-normal/x86_64/FlashScopeCoreTests.SwiftFileList -DDEBUG -plugin-path /Applications/Xcode.app/Contents/Developer/Toolchains/XcodeDefault.xctoolchain/usr/lib/swift/host/plugins/testing -enable-experimental-feature DebugDescriptionMacro -sdk /Applications/Xcode.app/Contents/Developer/Platforms/MacOSX.platform/Developer/SDKs/MacOSX26.5.sdk -target x86_64-apple-macos14.0 -g -module-cache-path /Users/faisalmahmud/Downloads/FlashScope-fixed3/.artifacts/DerivedData/ModuleCache.noindex -Xfrontend -serialize-debugging-options -enable-testing -index-store-path /Users/faisalmahmud/Downloads/FlashScope-fixed3/.artifacts/DerivedData/Index.noindex/DataStore -swift-version 6 -I /Users/faisalmahmud/Downloads/FlashScope-fixed3/.artifacts/DerivedData/Build/Products/Debug -Isystem /Applications/Xcode.app/Contents/Developer/Platforms/MacOSX.platform/Developer/usr/lib -F /Users/faisalmahmud/Downloads/FlashScope-fixed3/.artifacts/DerivedData/Build/Products/Debug -F /Applications/Xcode.app/Contents/Developer/Platforms/MacOSX.platform/Developer/Library/Frameworks -parse-as-library -c -j8 -enable-batch-mode -incremental -Xcc -ivfsstatcache -Xcc /Users/faisalmahmud/Downloads/FlashScope-fixed3/.artifacts/DerivedData/SDKStatCaches.noindex/macosx26.5-25F70-e082c4a02f00227109f4ed75e425c832.sdkstatcache -output-file-map /Users/faisalmahmud/Downloads/FlashScope-fixed3/.artifacts/DerivedData/Build/Intermediates.noindex/FlashScope.build/Debug/FlashScopeCoreTests.build/Objects-normal/x86_64/FlashScopeCoreTests-OutputFileMap.json -use-frontend-parseable-output -save-temps -no-color-diagnostics -explicit-module-build -module-cache-path /Users/faisalmahmud/Downloads/FlashScope-fixed3/.artifacts/DerivedData/Build/Intermediates.noindex/SwiftExplicitPrecompiledModules -clang-scanner-module-cache-path /Users/faisalmahmud/Downloads/FlashScope-fixed3/.artifacts/DerivedData/ModuleCache.noindex -sdk-module-cache-path /Users/faisalmahmud/Downloads/FlashScope-fixed3/.artifacts/DerivedData/ModuleCache.noindex -serialize-diagnostics -emit-dependencies -emit-module -emit-module-path /Users/faisalmahmud/Downloads/FlashScope-fixed3/.artifacts/DerivedData/Build/Intermediates.noindex/FlashScope.build/Debug/FlashScopeCoreTests.build/Objects-normal/x86_64/FlashScopeCoreTests.swiftmodule -validate-clang-modules-once -clang-build-session-file /Users/faisalmahmud/Downloads/FlashScope-fixed3/.artifacts/DerivedData/ModuleCache.noindex/Session.modulevalidation -Xcc -I/Users/faisalmahmud/Downloads/FlashScope-fixed3/.artifacts/DerivedData/Build/Intermediates.noindex/FlashScope.build/Debug/FlashScopeCoreTests.build/swift-overrides.hmap -emit-const-values -Xfrontend -const-gather-protocols-file -Xfrontend /Users/faisalmahmud/Downloads/FlashScope-fixed3/.artifacts/DerivedData/Build/Intermediates.noindex/FlashScope.build/Debug/FlashScopeCoreTests.build/Objects-normal/x86_64/FlashScopeCoreTests_const_extract_protocols.json -Xcc -iquote -Xcc /Users/faisalmahmud/Downloads/FlashScope-fixed3/.artifacts/DerivedData/Build/Intermediates.noindex/FlashScope.build/Debug/FlashScopeCoreTests.build/FlashScopeCoreTests-generated-files.hmap -Xcc -I/Users/faisalmahmud/Downloads/FlashScope-fixed3/.artifacts/DerivedData/Build/Intermediates.noindex/FlashScope.build/Debug/FlashScopeCoreTests.build/FlashScopeCoreTests-own-target-headers.hmap -Xcc -I/Users/faisalmahmud/Downloads/FlashScope-fixed3/.artifacts/DerivedData/Build/Intermediates.noindex/FlashScope.build/Debug/FlashScopeCoreTests.build/FlashScopeCoreTests-all-non-framework-target-headers.hmap -Xcc -ivfsoverlay -Xcc /Users/faisalmahmud/Downloads/FlashScope-fixed3/.artifacts/DerivedData/Build/Intermediates.noindex/FlashScope.build/Debug/FlashScope-35eb7d1e5bec2298583130c899748a02-VFS/all-product-headers.yaml -Xcc -iquote -Xcc /Users/faisalmahmud/Downloads/FlashScope-fixed3/.artifacts/DerivedData/Build/Intermediates.noindex/FlashScope.build/Debug/FlashScopeCoreTests.build/FlashScopeCoreTests-project-headers.hmap -Xcc -I/Users/faisalmahmud/Downloads/FlashScope-fixed3/.artifacts/DerivedData/Build/Products/Debug/include -Xcc -I/Users/faisalmahmud/Downloads/FlashScope-fixed3/.artifacts/DerivedData/Build/Intermediates.noindex/FlashScope.build/Debug/FlashScopeCoreTests.build/DerivedSources-normal/x86_64 -Xcc -I/Users/faisalmahmud/Downloads/FlashScope-fixed3/.artifacts/DerivedData/Build/Intermediates.noindex/FlashScope.build/Debug/FlashScopeCoreTests.build/DerivedSources/x86_64 -Xcc -I/Users/faisalmahmud/Downloads/FlashScope-fixed3/.artifacts/DerivedData/Build/Intermediates.noindex/FlashScope.build/Debug/FlashScopeCoreTests.build/DerivedSources -emit-objc-header -emit-objc-header-path /Users/faisalmahmud/Downloads/FlashScope-fixed3/.artifacts/DerivedData/Build/Intermediates.noindex/FlashScope.build/Debug/FlashScopeCoreTests.build/Objects-normal/x86_64/FlashScopeCoreTests-Swift.h -working-directory /Users/faisalmahmud/Downloads/FlashScope-fixed3 -experimental-emit-module-separately -disable-cmo

MkDir /Users/faisalmahmud/Downloads/FlashScope-fixed3/.artifacts/DerivedData/Build/Intermediates.noindex/FlashScope.build/Debug/FlashScope.build/assetcatalog_output/unthinned (in target 'FlashScope' from project 'FlashScope')
    cd /Users/faisalmahmud/Downloads/FlashScope-fixed3
    /bin/mkdir -p /Users/faisalmahmud/Downloads/FlashScope-fixed3/.artifacts/DerivedData/Build/Intermediates.noindex/FlashScope.build/Debug/FlashScope.build/assetcatalog_output/unthinned

MkDir /Users/faisalmahmud/Downloads/FlashScope-fixed3/.artifacts/DerivedData/Build/Intermediates.noindex/FlashScope.build/Debug/FlashScope.build/assetcatalog_output/thinned (in target 'FlashScope' from project 'FlashScope')
    cd /Users/faisalmahmud/Downloads/FlashScope-fixed3
    /bin/mkdir -p /Users/faisalmahmud/Downloads/FlashScope-fixed3/.artifacts/DerivedData/Build/Intermediates.noindex/FlashScope.build/Debug/FlashScope.build/assetcatalog_output/thinned

GenerateAssetSymbols /Users/faisalmahmud/Downloads/FlashScope-fixed3/FlashScope/Resources/Assets.xcassets (in target 'FlashScope' from project 'FlashScope')
    cd /Users/faisalmahmud/Downloads/FlashScope-fixed3
    /Applications/Xcode.app/Contents/Developer/usr/bin/actool /Users/faisalmahmud/Downloads/FlashScope-fixed3/FlashScope/Resources/Assets.xcassets --compile /Users/faisalmahmud/Downloads/FlashScope-fixed3/.artifacts/DerivedData/Build/Products/Debug/FlashScope.app/Contents/Resources --output-format human-readable-text --notices --warnings --export-dependency-info /Users/faisalmahmud/Downloads/FlashScope-fixed3/.artifacts/DerivedData/Build/Intermediates.noindex/FlashScope.build/Debug/FlashScope.build/assetcatalog_dependencies --output-partial-info-plist /Users/faisalmahmud/Downloads/FlashScope-fixed3/.artifacts/DerivedData/Build/Intermediates.noindex/FlashScope.build/Debug/FlashScope.build/assetcatalog_generated_info.plist --app-icon AppIcon --enable-on-demand-resources NO --development-region en --target-device mac --minimum-deployment-target 14.0 --platform macosx --bundle-identifier com.example.FlashScope --generate-swift-asset-symbol-extensions NO --generate-swift-asset-symbols /Users/faisalmahmud/Downloads/FlashScope-fixed3/.artifacts/DerivedData/Build/Intermediates.noindex/FlashScope.build/Debug/FlashScope.build/DerivedSources/GeneratedAssetSymbols.swift --generate-objc-asset-symbols /Users/faisalmahmud/Downloads/FlashScope-fixed3/.artifacts/DerivedData/Build/Intermediates.noindex/FlashScope.build/Debug/FlashScope.build/DerivedSources/GeneratedAssetSymbols.h --generate-asset-symbol-index /Users/faisalmahmud/Downloads/FlashScope-fixed3/.artifacts/DerivedData/Build/Intermediates.noindex/FlashScope.build/Debug/FlashScope.build/DerivedSources/GeneratedAssetSymbols-Index.plist
/* com.apple.actool.compilation-results */
/Users/faisalmahmud/Downloads/FlashScope-fixed3/.artifacts/DerivedData/Build/Intermediates.noindex/FlashScope.build/Debug/FlashScope.build/DerivedSources/GeneratedAssetSymbols-Index.plist
/Users/faisalmahmud/Downloads/FlashScope-fixed3/.artifacts/DerivedData/Build/Intermediates.noindex/FlashScope.build/Debug/FlashScope.build/DerivedSources/GeneratedAssetSymbols.h
/Users/faisalmahmud/Downloads/FlashScope-fixed3/.artifacts/DerivedData/Build/Intermediates.noindex/FlashScope.build/Debug/FlashScope.build/DerivedSources/GeneratedAssetSymbols.swift


CompileAssetCatalogVariant thinned /Users/faisalmahmud/Downloads/FlashScope-fixed3/.artifacts/DerivedData/Build/Products/Debug/FlashScope.app/Contents/Resources /Users/faisalmahmud/Downloads/FlashScope-fixed3/FlashScope/Resources/Assets.xcassets (in target 'FlashScope' from project 'FlashScope')
    cd /Users/faisalmahmud/Downloads/FlashScope-fixed3
    /Applications/Xcode.app/Contents/Developer/usr/bin/actool /Users/faisalmahmud/Downloads/FlashScope-fixed3/FlashScope/Resources/Assets.xcassets --compile /Users/faisalmahmud/Downloads/FlashScope-fixed3/.artifacts/DerivedData/Build/Intermediates.noindex/FlashScope.build/Debug/FlashScope.build/assetcatalog_output/thinned --output-format human-readable-text --notices --warnings --export-dependency-info /Users/faisalmahmud/Downloads/FlashScope-fixed3/.artifacts/DerivedData/Build/Intermediates.noindex/FlashScope.build/Debug/FlashScope.build/assetcatalog_dependencies_thinned --output-partial-info-plist /Users/faisalmahmud/Downloads/FlashScope-fixed3/.artifacts/DerivedData/Build/Intermediates.noindex/FlashScope.build/Debug/FlashScope.build/assetcatalog_generated_info.plist_thinned --app-icon AppIcon --enable-on-demand-resources NO --development-region en --target-device mac --minimum-deployment-target 14.0 --platform macosx
/* com.apple.actool.compilation-results */
/Users/faisalmahmud/Downloads/FlashScope-fixed3/.artifacts/DerivedData/Build/Intermediates.noindex/FlashScope.build/Debug/FlashScope.build/assetcatalog_generated_info.plist_thinned
/Users/faisalmahmud/Downloads/FlashScope-fixed3/.artifacts/DerivedData/Build/Intermediates.noindex/FlashScope.build/Debug/FlashScope.build/assetcatalog_output/thinned/AppIcon.icns
/Users/faisalmahmud/Downloads/FlashScope-fixed3/.artifacts/DerivedData/Build/Intermediates.noindex/FlashScope.build/Debug/FlashScope.build/assetcatalog_output/thinned/Assets.car


SwiftDriverJobDiscovery normal x86_64 Compiling DriveIdentity.swift, Fixtures.swift (in target 'FlashScopeCore' from project 'FlashScope')

SwiftDriver FlashScope normal x86_64 com.apple.xcode.tools.swift.compiler (in target 'FlashScope' from project 'FlashScope')
    cd /Users/faisalmahmud/Downloads/FlashScope-fixed3
    builtin-SwiftDriver -- /Applications/Xcode.app/Contents/Developer/Toolchains/XcodeDefault.xctoolchain/usr/bin/swiftc -module-name FlashScope -Onone @/Users/faisalmahmud/Downloads/FlashScope-fixed3/.artifacts/DerivedData/Build/Intermediates.noindex/FlashScope.build/Debug/FlashScope.build/Objects-normal/x86_64/FlashScope.SwiftFileList -DDEBUG -enable-experimental-feature DebugDescriptionMacro -sdk /Applications/Xcode.app/Contents/Developer/Platforms/MacOSX.platform/Developer/SDKs/MacOSX26.5.sdk -target x86_64-apple-macos14.0 -g -module-cache-path /Users/faisalmahmud/Downloads/FlashScope-fixed3/.artifacts/DerivedData/ModuleCache.noindex -Xfrontend -serialize-debugging-options -enable-testing -index-store-path /Users/faisalmahmud/Downloads/FlashScope-fixed3/.artifacts/DerivedData/Index.noindex/DataStore -swift-version 6 -I /Users/faisalmahmud/Downloads/FlashScope-fixed3/.artifacts/DerivedData/Build/Products/Debug -F /Users/faisalmahmud/Downloads/FlashScope-fixed3/.artifacts/DerivedData/Build/Products/Debug -emit-localized-strings -emit-localized-strings-path /Users/faisalmahmud/Downloads/FlashScope-fixed3/.artifacts/DerivedData/Build/Intermediates.noindex/FlashScope.build/Debug/FlashScope.build/Objects-normal/x86_64 -c -j8 -enable-batch-mode -incremental -Xcc -ivfsstatcache -Xcc /Users/faisalmahmud/Downloads/FlashScope-fixed3/.artifacts/DerivedData/SDKStatCaches.noindex/macosx26.5-25F70-e082c4a02f00227109f4ed75e425c832.sdkstatcache -output-file-map /Users/faisalmahmud/Downloads/FlashScope-fixed3/.artifacts/DerivedData/Build/Intermediates.noindex/FlashScope.build/Debug/FlashScope.build/Objects-normal/x86_64/FlashScope-OutputFileMap.json -use-frontend-parseable-output -save-temps -no-color-diagnostics -explicit-module-build -module-cache-path /Users/faisalmahmud/Downloads/FlashScope-fixed3/.artifacts/DerivedData/Build/Intermediates.noindex/SwiftExplicitPrecompiledModules -clang-scanner-module-cache-path /Users/faisalmahmud/Downloads/FlashScope-fixed3/.artifacts/DerivedData/ModuleCache.noindex -sdk-module-cache-path /Users/faisalmahmud/Downloads/FlashScope-fixed3/.artifacts/DerivedData/ModuleCache.noindex -serialize-diagnostics -emit-dependencies -emit-module -emit-module-path /Users/faisalmahmud/Downloads/FlashScope-fixed3/.artifacts/DerivedData/Build/Intermediates.noindex/FlashScope.build/Debug/FlashScope.build/Objects-normal/x86_64/FlashScope.swiftmodule -validate-clang-modules-once -clang-build-session-file /Users/faisalmahmud/Downloads/FlashScope-fixed3/.artifacts/DerivedData/ModuleCache.noindex/Session.modulevalidation -Xcc -I/Users/faisalmahmud/Downloads/FlashScope-fixed3/.artifacts/DerivedData/Build/Intermediates.noindex/FlashScope.build/Debug/FlashScope.build/swift-overrides.hmap -emit-const-values -Xfrontend -const-gather-protocols-file -Xfrontend /Users/faisalmahmud/Downloads/FlashScope-fixed3/.artifacts/DerivedData/Build/Intermediates.noindex/FlashScope.build/Debug/FlashScope.build/Objects-normal/x86_64/FlashScope_const_extract_protocols.json -Xcc -iquote -Xcc /Users/faisalmahmud/Downloads/FlashScope-fixed3/.artifacts/DerivedData/Build/Intermediates.noindex/FlashScope.build/Debug/FlashScope.build/FlashScope-generated-files.hmap -Xcc -I/Users/faisalmahmud/Downloads/FlashScope-fixed3/.artifacts/DerivedData/Build/Intermediates.noindex/FlashScope.build/Debug/FlashScope.build/FlashScope-own-target-headers.hmap -Xcc -I/Users/faisalmahmud/Downloads/FlashScope-fixed3/.artifacts/DerivedData/Build/Intermediates.noindex/FlashScope.build/Debug/FlashScope.build/FlashScope-all-non-framework-target-headers.hmap -Xcc -ivfsoverlay -Xcc /Users/faisalmahmud/Downloads/FlashScope-fixed3/.artifacts/DerivedData/Build/Intermediates.noindex/FlashScope.build/Debug/FlashScope-35eb7d1e5bec2298583130c899748a02-VFS/all-product-headers.yaml -Xcc -iquote -Xcc /Users/faisalmahmud/Downloads/FlashScope-fixed3/.artifacts/DerivedData/Build/Intermediates.noindex/FlashScope.build/Debug/FlashScope.build/FlashScope-project-headers.hmap -Xcc -I/Users/faisalmahmud/Downloads/FlashScope-fixed3/.artifacts/DerivedData/Build/Products/Debug/include -Xcc -I/Users/faisalmahmud/Downloads/FlashScope-fixed3/.artifacts/DerivedData/Build/Intermediates.noindex/FlashScope.build/Debug/FlashScope.build/DerivedSources-normal/x86_64 -Xcc -I/Users/faisalmahmud/Downloads/FlashScope-fixed3/.artifacts/DerivedData/Build/Intermediates.noindex/FlashScope.build/Debug/FlashScope.build/DerivedSources/x86_64 -Xcc -I/Users/faisalmahmud/Downloads/FlashScope-fixed3/.artifacts/DerivedData/Build/Intermediates.noindex/FlashScope.build/Debug/FlashScope.build/DerivedSources -emit-objc-header -emit-objc-header-path /Users/faisalmahmud/Downloads/FlashScope-fixed3/.artifacts/DerivedData/Build/Intermediates.noindex/FlashScope.build/Debug/FlashScope.build/Objects-normal/x86_64/FlashScope-Swift.h -working-directory /Users/faisalmahmud/Downloads/FlashScope-fixed3 -experimental-emit-module-separately -disable-cmo

SwiftDriverJobDiscovery normal x86_64 Compiling Availability.swift, BenchmarkEngine.swift (in target 'FlashScopeCore' from project 'FlashScope')

SwiftDriverJobDiscovery normal x86_64 Compiling SafeTemporaryPath.swift (in target 'FlashScopeCore' from project 'FlashScope')

SwiftDriverJobDiscovery normal x86_64 Compiling USBDescriptorParser.swift (in target 'FlashScopeCore' from project 'FlashScope')

SwiftDriverJobDiscovery normal x86_64 Compiling ServiceProtocols.swift (in target 'FlashScopeCore' from project 'FlashScope')

SwiftDriverJobDiscovery normal x86_64 Compiling DiagnosisEngine.swift, DomainModels.swift (in target 'FlashScopeCore' from project 'FlashScope')

SwiftDriver\ Compilation FlashScopeCore normal x86_64 com.apple.xcode.tools.swift.compiler (in target 'FlashScopeCore' from project 'FlashScope')
    cd /Users/faisalmahmud/Downloads/FlashScope-fixed3
    builtin-Swift-Compilation -- /Applications/Xcode.app/Contents/Developer/Toolchains/XcodeDefault.xctoolchain/usr/bin/swiftc -module-name FlashScopeCore -Onone @/Users/faisalmahmud/Downloads/FlashScope-fixed3/.artifacts/DerivedData/Build/Intermediates.noindex/FlashScope.build/Debug/FlashScopeCore.build/Objects-normal/x86_64/FlashScopeCore.SwiftFileList -DDEBUG -enable-experimental-feature DebugDescriptionMacro -sdk /Applications/Xcode.app/Contents/Developer/Platforms/MacOSX.platform/Developer/SDKs/MacOSX26.5.sdk -target x86_64-apple-macos14.0 -g -module-cache-path /Users/faisalmahmud/Downloads/FlashScope-fixed3/.artifacts/DerivedData/ModuleCache.noindex -Xfrontend -serialize-debugging-options -enable-testing -index-store-path /Users/faisalmahmud/Downloads/FlashScope-fixed3/.artifacts/DerivedData/Index.noindex/DataStore -swift-version 6 -I /Users/faisalmahmud/Downloads/FlashScope-fixed3/.artifacts/DerivedData/Build/Products/Debug -F /Users/faisalmahmud/Downloads/FlashScope-fixed3/.artifacts/DerivedData/Build/Products/Debug -c -j8 -enable-batch-mode -incremental -Xcc -ivfsstatcache -Xcc /Users/faisalmahmud/Downloads/FlashScope-fixed3/.artifacts/DerivedData/SDKStatCaches.noindex/macosx26.5-25F70-e082c4a02f00227109f4ed75e425c832.sdkstatcache -output-file-map /Users/faisalmahmud/Downloads/FlashScope-fixed3/.artifacts/DerivedData/Build/Intermediates.noindex/FlashScope.build/Debug/FlashScopeCore.build/Objects-normal/x86_64/FlashScopeCore-OutputFileMap.json -use-frontend-parseable-output -save-temps -no-color-diagnostics -explicit-module-build -module-cache-path /Users/faisalmahmud/Downloads/FlashScope-fixed3/.artifacts/DerivedData/Build/Intermediates.noindex/SwiftExplicitPrecompiledModules -clang-scanner-module-cache-path /Users/faisalmahmud/Downloads/FlashScope-fixed3/.artifacts/DerivedData/ModuleCache.noindex -sdk-module-cache-path /Users/faisalmahmud/Downloads/FlashScope-fixed3/.artifacts/DerivedData/ModuleCache.noindex -serialize-diagnostics -emit-dependencies -emit-module -emit-module-path /Users/faisalmahmud/Downloads/FlashScope-fixed3/.artifacts/DerivedData/Build/Intermediates.noindex/FlashScope.build/Debug/FlashScopeCore.build/Objects-normal/x86_64/FlashScopeCore.swiftmodule -validate-clang-modules-once -clang-build-session-file /Users/faisalmahmud/Downloads/FlashScope-fixed3/.artifacts/DerivedData/ModuleCache.noindex/Session.modulevalidation -Xcc -I/Users/faisalmahmud/Downloads/FlashScope-fixed3/.artifacts/DerivedData/Build/Intermediates.noindex/FlashScope.build/Debug/FlashScopeCore.build/swift-overrides.hmap -emit-const-values -Xfrontend -const-gather-protocols-file -Xfrontend /Users/faisalmahmud/Downloads/FlashScope-fixed3/.artifacts/DerivedData/Build/Intermediates.noindex/FlashScope.build/Debug/FlashScopeCore.build/Objects-normal/x86_64/FlashScopeCore_const_extract_protocols.json -Xcc -iquote -Xcc /Users/faisalmahmud/Downloads/FlashScope-fixed3/.artifacts/DerivedData/Build/Intermediates.noindex/FlashScope.build/Debug/FlashScopeCore.build/FlashScopeCore-generated-files.hmap -Xcc -I/Users/faisalmahmud/Downloads/FlashScope-fixed3/.artifacts/DerivedData/Build/Intermediates.noindex/FlashScope.build/Debug/FlashScopeCore.build/FlashScopeCore-own-target-headers.hmap -Xcc -I/Users/faisalmahmud/Downloads/FlashScope-fixed3/.artifacts/DerivedData/Build/Intermediates.noindex/FlashScope.build/Debug/FlashScopeCore.build/FlashScopeCore-all-non-framework-target-headers.hmap -Xcc -ivfsoverlay -Xcc /Users/faisalmahmud/Downloads/FlashScope-fixed3/.artifacts/DerivedData/Build/Intermediates.noindex/FlashScope.build/Debug/FlashScope-35eb7d1e5bec2298583130c899748a02-VFS/all-product-headers.yaml -Xcc -iquote -Xcc /Users/faisalmahmud/Downloads/FlashScope-fixed3/.artifacts/DerivedData/Build/Intermediates.noindex/FlashScope.build/Debug/FlashScopeCore.build/FlashScopeCore-project-headers.hmap -Xcc -I/Users/faisalmahmud/Downloads/FlashScope-fixed3/.artifacts/DerivedData/Build/Products/Debug/include -Xcc -I/Users/faisalmahmud/Downloads/FlashScope-fixed3/.artifacts/DerivedData/Build/Intermediates.noindex/FlashScope.build/Debug/FlashScopeCore.build/DerivedSources-normal/x86_64 -Xcc -I/Users/faisalmahmud/Downloads/FlashScope-fixed3/.artifacts/DerivedData/Build/Intermediates.noindex/FlashScope.build/Debug/FlashScopeCore.build/DerivedSources/x86_64 -Xcc -I/Users/faisalmahmud/Downloads/FlashScope-fixed3/.artifacts/DerivedData/Build/Intermediates.noindex/FlashScope.build/Debug/FlashScopeCore.build/DerivedSources -emit-objc-header -emit-objc-header-path /Users/faisalmahmud/Downloads/FlashScope-fixed3/.artifacts/DerivedData/Build/Intermediates.noindex/FlashScope.build/Debug/FlashScopeCore.build/Objects-normal/x86_64/FlashScopeCore-Swift.h -working-directory /Users/faisalmahmud/Downloads/FlashScope-fixed3 -experimental-emit-module-separately -disable-cmo

Ld /Users/faisalmahmud/Downloads/FlashScope-fixed3/.artifacts/DerivedData/Build/Products/Debug/FlashScopeCore.framework/Versions/A/FlashScopeCore normal (in target 'FlashScopeCore' from project 'FlashScope')
    cd /Users/faisalmahmud/Downloads/FlashScope-fixed3
    /Applications/Xcode.app/Contents/Developer/Toolchains/XcodeDefault.xctoolchain/usr/bin/clang -Xlinker -reproducible -target x86_64-apple-macos14.0 -dynamiclib -isysroot /Applications/Xcode.app/Contents/Developer/Platforms/MacOSX.platform/Developer/SDKs/MacOSX26.5.sdk -Os -L/Users/faisalmahmud/Downloads/FlashScope-fixed3/.artifacts/DerivedData/Build/Intermediates.noindex/EagerLinkingTBDs/Debug -L/Users/faisalmahmud/Downloads/FlashScope-fixed3/.artifacts/DerivedData/Build/Products/Debug -F/Users/faisalmahmud/Downloads/FlashScope-fixed3/.artifacts/DerivedData/Build/Intermediates.noindex/EagerLinkingTBDs/Debug -F/Users/faisalmahmud/Downloads/FlashScope-fixed3/.artifacts/DerivedData/Build/Products/Debug -filelist /Users/faisalmahmud/Downloads/FlashScope-fixed3/.artifacts/DerivedData/Build/Intermediates.noindex/FlashScope.build/Debug/FlashScopeCore.build/Objects-normal/x86_64/FlashScopeCore.LinkFileList -install_name /Library/Frameworks/FlashScopeCore.framework/Versions/A/FlashScopeCore -Xlinker -rpath -Xlinker /usr/lib/swift -Xlinker -object_path_lto -Xlinker /Users/faisalmahmud/Downloads/FlashScope-fixed3/.artifacts/DerivedData/Build/Intermediates.noindex/FlashScope.build/Debug/FlashScopeCore.build/Objects-normal/x86_64/FlashScopeCore_lto.o -rdynamic -Xlinker -dependency_info -Xlinker /Users/faisalmahmud/Downloads/FlashScope-fixed3/.artifacts/DerivedData/Build/Intermediates.noindex/FlashScope.build/Debug/FlashScopeCore.build/Objects-normal/x86_64/FlashScopeCore_dependency_info.dat -fobjc-link-runtime -L/Applications/Xcode.app/Contents/Developer/Toolchains/XcodeDefault.xctoolchain/usr/lib/swift/macosx -L/usr/lib/swift -Xlinker -add_ast_path -Xlinker /Users/faisalmahmud/Downloads/FlashScope-fixed3/.artifacts/DerivedData/Build/Intermediates.noindex/FlashScope.build/Debug/FlashScopeCore.build/Objects-normal/x86_64/FlashScopeCore.swiftmodule @/Users/faisalmahmud/Downloads/FlashScope-fixed3/.artifacts/DerivedData/Build/Intermediates.noindex/FlashScope.build/Debug/FlashScopeCore.build/Objects-normal/x86_64/FlashScopeCore-linker-args.resp -compatibility_version 1 -current_version 1 -o /Users/faisalmahmud/Downloads/FlashScope-fixed3/.artifacts/DerivedData/Build/Products/Debug/FlashScopeCore.framework/Versions/A/FlashScopeCore

ExtractAppIntentsMetadata (in target 'FlashScopeCore' from project 'FlashScope')
    cd /Users/faisalmahmud/Downloads/FlashScope-fixed3
    /Applications/Xcode.app/Contents/Developer/Toolchains/XcodeDefault.xctoolchain/usr/bin/appintentsmetadataprocessor --toolchain-dir /Applications/Xcode.app/Contents/Developer/Toolchains/XcodeDefault.xctoolchain --module-name FlashScopeCore --sdk-root /Applications/Xcode.app/Contents/Developer/Platforms/MacOSX.platform/Developer/SDKs/MacOSX26.5.sdk --xcode-version 17F42 --platform-family macOS --deployment-target 14.0 --bundle-identifier com.example.FlashScope --output /Users/faisalmahmud/Downloads/FlashScope-fixed3/.artifacts/DerivedData/Build/Products/Debug/FlashScopeCore.framework/Versions/A/Resources --target-triple x86_64-apple-macos14.0 --binary-file /Users/faisalmahmud/Downloads/FlashScope-fixed3/.artifacts/DerivedData/Build/Products/Debug/FlashScopeCore.framework/Versions/A/FlashScopeCore --dependency-file /Users/faisalmahmud/Downloads/FlashScope-fixed3/.artifacts/DerivedData/Build/Intermediates.noindex/FlashScope.build/Debug/FlashScopeCore.build/Objects-normal/x86_64/FlashScopeCore_dependency_info.dat --stringsdata-file /Users/faisalmahmud/Downloads/FlashScope-fixed3/.artifacts/DerivedData/Build/Intermediates.noindex/FlashScope.build/Debug/FlashScopeCore.build/Objects-normal/x86_64/ExtractedAppShortcutsMetadata.stringsdata --source-file-list /Users/faisalmahmud/Downloads/FlashScope-fixed3/.artifacts/DerivedData/Build/Intermediates.noindex/FlashScope.build/Debug/FlashScopeCore.build/Objects-normal/x86_64/FlashScopeCore.SwiftFileList --metadata-file-list /Users/faisalmahmud/Downloads/FlashScope-fixed3/.artifacts/DerivedData/Build/Intermediates.noindex/FlashScope.build/Debug/FlashScopeCore.build/FlashScopeCore.DependencyMetadataFileList --static-metadata-file-list /Users/faisalmahmud/Downloads/FlashScope-fixed3/.artifacts/DerivedData/Build/Intermediates.noindex/FlashScope.build/Debug/FlashScopeCore.build/FlashScopeCore.DependencyStaticMetadataFileList --swift-const-vals-list /Users/faisalmahmud/Downloads/FlashScope-fixed3/.artifacts/DerivedData/Build/Intermediates.noindex/FlashScope.build/Debug/FlashScopeCore.build/Objects-normal/x86_64/FlashScopeCore.SwiftConstValuesFileList --compile-time-extraction --deployment-aware-processing --validate-assistant-intents --no-app-shortcuts-localization
2026-08-28 21:45:59.420 appintentsmetadataprocessor[14898:275129] Starting appintentsmetadataprocessor export
2026-08-28 21:45:59.425 appintentsmetadataprocessor[14898:275129] warning: Metadata extraction skipped. No AppIntents.framework dependency found.

GenerateTAPI /Users/faisalmahmud/Downloads/FlashScope-fixed3/.artifacts/DerivedData/Build/Intermediates.noindex/EagerLinkingTBDs/Debug/FlashScopeCore.framework/Versions/A/FlashScopeCore.tbd (in target 'FlashScopeCore' from project 'FlashScope')
    cd /Users/faisalmahmud/Downloads/FlashScope-fixed3
    /Applications/Xcode.app/Contents/Developer/Toolchains/XcodeDefault.xctoolchain/usr/bin/tapi stubify -isysroot /Applications/Xcode.app/Contents/Developer/Platforms/MacOSX.platform/Developer/SDKs/MacOSX26.5.sdk -F/Users/faisalmahmud/Downloads/FlashScope-fixed3/.artifacts/DerivedData/Build/Products/Debug -L/Users/faisalmahmud/Downloads/FlashScope-fixed3/.artifacts/DerivedData/Build/Products/Debug /Users/faisalmahmud/Downloads/FlashScope-fixed3/.artifacts/DerivedData/Build/Products/Debug/FlashScopeCore.framework/Versions/A/FlashScopeCore -o /Users/faisalmahmud/Downloads/FlashScope-fixed3/.artifacts/DerivedData/Build/Intermediates.noindex/EagerLinkingTBDs/Debug/FlashScopeCore.framework/Versions/A/FlashScopeCore.tbd

RegisterExecutionPolicyException /Users/faisalmahmud/Downloads/FlashScope-fixed3/.artifacts/DerivedData/Build/Products/Debug/FlashScopeCore.framework (in target 'FlashScopeCore' from project 'FlashScope')
    cd /Users/faisalmahmud/Downloads/FlashScope-fixed3
    builtin-RegisterExecutionPolicyException /Users/faisalmahmud/Downloads/FlashScope-fixed3/.artifacts/DerivedData/Build/Products/Debug/FlashScopeCore.framework

Touch /Users/faisalmahmud/Downloads/FlashScope-fixed3/.artifacts/DerivedData/Build/Products/Debug/FlashScopeCore.framework (in target 'FlashScopeCore' from project 'FlashScope')
    cd /Users/faisalmahmud/Downloads/FlashScope-fixed3
    /usr/bin/touch -c /Users/faisalmahmud/Downloads/FlashScope-fixed3/.artifacts/DerivedData/Build/Products/Debug/FlashScopeCore.framework

SymLink /Users/faisalmahmud/Downloads/FlashScope-fixed3/.artifacts/DerivedData/Build/Intermediates.noindex/EagerLinkingTBDs/Debug/FlashScopeCore.framework/FlashScopeCore.tbd /Users/faisalmahmud/Downloads/FlashScope-fixed3/.artifacts/DerivedData/Build/Intermediates.noindex/EagerLinkingTBDs/Debug/FlashScopeCore.framework/Versions/A/FlashScopeCore.tbd (in target 'FlashScopeCore' from project 'FlashScope')
    cd /Users/faisalmahmud/Downloads/FlashScope-fixed3
    /bin/ln -sfh /Users/faisalmahmud/Downloads/FlashScope-fixed3/.artifacts/DerivedData/Build/Intermediates.noindex/EagerLinkingTBDs/Debug/FlashScopeCore.framework/Versions/A/FlashScopeCore.tbd /Users/faisalmahmud/Downloads/FlashScope-fixed3/.artifacts/DerivedData/Build/Intermediates.noindex/EagerLinkingTBDs/Debug/FlashScopeCore.framework/FlashScopeCore.tbd

ProcessInfoPlistFile /Users/faisalmahmud/Downloads/FlashScope-fixed3/.artifacts/DerivedData/Build/Products/Debug/FlashScopeCoreTests.xctest/Contents/Info.plist /Users/faisalmahmud/Downloads/FlashScope-fixed3/.artifacts/DerivedData/Build/Intermediates.noindex/FlashScope.build/Debug/FlashScopeCoreTests.build/empty-FlashScopeCoreTests.plist (in target 'FlashScopeCoreTests' from project 'FlashScope')
    cd /Users/faisalmahmud/Downloads/FlashScope-fixed3
    builtin-infoPlistUtility /Users/faisalmahmud/Downloads/FlashScope-fixed3/.artifacts/DerivedData/Build/Intermediates.noindex/FlashScope.build/Debug/FlashScopeCoreTests.build/empty-FlashScopeCoreTests.plist -producttype com.apple.product-type.bundle.unit-test -expandbuildsettings -platform macosx -o /Users/faisalmahmud/Downloads/FlashScope-fixed3/.artifacts/DerivedData/Build/Products/Debug/FlashScopeCoreTests.xctest/Contents/Info.plist

Copy /Users/faisalmahmud/Downloads/FlashScope-fixed3/.artifacts/DerivedData/Build/Products/Debug/FlashScope.app/Contents/Frameworks/libXCTestSwiftSupport.dylib /Applications/Xcode.app/Contents/Developer/Platforms/MacOSX.platform/Developer/usr/lib/libXCTestSwiftSupport.dylib (in target 'FlashScope' from project 'FlashScope')
    cd /Users/faisalmahmud/Downloads/FlashScope-fixed3
    builtin-copy -exclude .DS_Store -exclude CVS -exclude .svn -exclude .git -exclude .hg -exclude Headers -exclude PrivateHeaders -exclude Modules -exclude \*.tbd -strip-unsigned-binaries -strip-deterministic -strip-tool /Applications/Xcode.app/Contents/Developer/Toolchains/XcodeDefault.xctoolchain/usr/bin/strip -resolve-src-symlinks /Applications/Xcode.app/Contents/Developer/Platforms/MacOSX.platform/Developer/usr/lib/libXCTestSwiftSupport.dylib /Users/faisalmahmud/Downloads/FlashScope-fixed3/.artifacts/DerivedData/Build/Products/Debug/FlashScope.app/Contents/Frameworks
warning: not stripping binary because it is signed: /Applications/Xcode.app/Contents/Developer/Platforms/MacOSX.platform/Developer/usr/lib/libXCTestSwiftSupport.dylib (in target 'FlashScope' from project 'FlashScope')

Copy /Users/faisalmahmud/Downloads/FlashScope-fixed3/.artifacts/DerivedData/Build/Products/Debug/FlashScope.app/Contents/Frameworks/libXCTestBundleInject.dylib /Applications/Xcode.app/Contents/Developer/Platforms/MacOSX.platform/Developer/usr/lib/libXCTestBundleInject.dylib (in target 'FlashScope' from project 'FlashScope')
    cd /Users/faisalmahmud/Downloads/FlashScope-fixed3
    builtin-copy -exclude .DS_Store -exclude CVS -exclude .svn -exclude .git -exclude .hg -exclude Headers -exclude PrivateHeaders -exclude Modules -exclude \*.tbd -strip-unsigned-binaries -strip-deterministic -strip-tool /Applications/Xcode.app/Contents/Developer/Toolchains/XcodeDefault.xctoolchain/usr/bin/strip -resolve-src-symlinks /Applications/Xcode.app/Contents/Developer/Platforms/MacOSX.platform/Developer/usr/lib/libXCTestBundleInject.dylib /Users/faisalmahmud/Downloads/FlashScope-fixed3/.artifacts/DerivedData/Build/Products/Debug/FlashScope.app/Contents/Frameworks
warning: not stripping binary because it is signed: /Applications/Xcode.app/Contents/Developer/Platforms/MacOSX.platform/Developer/usr/lib/libXCTestBundleInject.dylib (in target 'FlashScope' from project 'FlashScope')

Copy /Users/faisalmahmud/Downloads/FlashScope-fixed3/.artifacts/DerivedData/Build/Products/Debug/FlashScope.app/Contents/Frameworks/XCUnit.framework /Applications/Xcode.app/Contents/Developer/Platforms/MacOSX.platform/Developer/Library/PrivateFrameworks/XCUnit.framework (in target 'FlashScope' from project 'FlashScope')
    cd /Users/faisalmahmud/Downloads/FlashScope-fixed3
    builtin-copy -exclude .DS_Store -exclude CVS -exclude .svn -exclude .git -exclude .hg -exclude Headers -exclude PrivateHeaders -exclude Modules -exclude \*.tbd -strip-unsigned-binaries -strip-deterministic -strip-tool /Applications/Xcode.app/Contents/Developer/Toolchains/XcodeDefault.xctoolchain/usr/bin/strip -resolve-src-symlinks /Applications/Xcode.app/Contents/Developer/Platforms/MacOSX.platform/Developer/Library/PrivateFrameworks/XCUnit.framework /Users/faisalmahmud/Downloads/FlashScope-fixed3/.artifacts/DerivedData/Build/Products/Debug/FlashScope.app/Contents/Frameworks
warning: not stripping binary because it is signed: /Applications/Xcode.app/Contents/Developer/Platforms/MacOSX.platform/Developer/Library/PrivateFrameworks/XCUnit.framework/Versions/A/XCUnit (in target 'FlashScope' from project 'FlashScope')

Copy /Users/faisalmahmud/Downloads/FlashScope-fixed3/.artifacts/DerivedData/Build/Products/Debug/FlashScope.app/Contents/Frameworks/XCUIAutomation.framework /Applications/Xcode.app/Contents/Developer/Platforms/MacOSX.platform/Developer/Library/Frameworks/XCUIAutomation.framework (in target 'FlashScope' from project 'FlashScope')
    cd /Users/faisalmahmud/Downloads/FlashScope-fixed3
    builtin-copy -exclude .DS_Store -exclude CVS -exclude .svn -exclude .git -exclude .hg -exclude Headers -exclude PrivateHeaders -exclude Modules -exclude \*.tbd -strip-unsigned-binaries -strip-deterministic -strip-tool /Applications/Xcode.app/Contents/Developer/Toolchains/XcodeDefault.xctoolchain/usr/bin/strip -resolve-src-symlinks /Applications/Xcode.app/Contents/Developer/Platforms/MacOSX.platform/Developer/Library/Frameworks/XCUIAutomation.framework /Users/faisalmahmud/Downloads/FlashScope-fixed3/.artifacts/DerivedData/Build/Products/Debug/FlashScope.app/Contents/Frameworks
warning: not stripping binary because it is signed: /Applications/Xcode.app/Contents/Developer/Platforms/MacOSX.platform/Developer/Library/Frameworks/XCUIAutomation.framework/Versions/A/XCUIAutomation (in target 'FlashScope' from project 'FlashScope')

Ld /Users/faisalmahmud/Downloads/FlashScope-fixed3/.artifacts/DerivedData/Build/Products/Debug/FlashScope.app/Contents/MacOS/__preview.dylib normal (in target 'FlashScope' from project 'FlashScope')
    cd /Users/faisalmahmud/Downloads/FlashScope-fixed3
    /Applications/Xcode.app/Contents/Developer/Toolchains/XcodeDefault.xctoolchain/usr/bin/clang -Xlinker -reproducible -target x86_64-apple-macos14.0 -dynamiclib -isysroot /Applications/Xcode.app/Contents/Developer/Platforms/MacOSX.platform/Developer/SDKs/MacOSX26.5.sdk -Os -L/Users/faisalmahmud/Downloads/FlashScope-fixed3/.artifacts/DerivedData/Build/Products/Debug -F/Users/faisalmahmud/Downloads/FlashScope-fixed3/.artifacts/DerivedData/Build/Products/Debug -install_name @rpath/FlashScope.debug.dylib -rdynamic -Xlinker -dependency_info -Xlinker /Users/faisalmahmud/Downloads/FlashScope-fixed3/.artifacts/DerivedData/Build/Intermediates.noindex/FlashScope.build/Debug/FlashScope.build/Objects-normal/x86_64/FlashScope_dependency_info.dat -o /Users/faisalmahmud/Downloads/FlashScope-fixed3/.artifacts/DerivedData/Build/Products/Debug/FlashScope.app/Contents/MacOS/__preview.dylib

Copy /Users/faisalmahmud/Downloads/FlashScope-fixed3/.artifacts/DerivedData/Build/Products/Debug/FlashScope.app/Contents/Frameworks/XCTestSupport.framework /Applications/Xcode.app/Contents/Developer/Platforms/MacOSX.platform/Developer/Library/PrivateFrameworks/XCTestSupport.framework (in target 'FlashScope' from project 'FlashScope')
    cd /Users/faisalmahmud/Downloads/FlashScope-fixed3
    builtin-copy -exclude .DS_Store -exclude CVS -exclude .svn -exclude .git -exclude .hg -exclude Headers -exclude PrivateHeaders -exclude Modules -exclude \*.tbd -strip-unsigned-binaries -strip-deterministic -strip-tool /Applications/Xcode.app/Contents/Developer/Toolchains/XcodeDefault.xctoolchain/usr/bin/strip -resolve-src-symlinks /Applications/Xcode.app/Contents/Developer/Platforms/MacOSX.platform/Developer/Library/PrivateFrameworks/XCTestSupport.framework /Users/faisalmahmud/Downloads/FlashScope-fixed3/.artifacts/DerivedData/Build/Products/Debug/FlashScope.app/Contents/Frameworks
warning: not stripping binary because it is signed: /Applications/Xcode.app/Contents/Developer/Platforms/MacOSX.platform/Developer/Library/PrivateFrameworks/XCTestSupport.framework/Versions/A/XCTestSupport (in target 'FlashScope' from project 'FlashScope')

Copy /Users/faisalmahmud/Downloads/FlashScope-fixed3/.artifacts/DerivedData/Build/Products/Debug/FlashScope.app/Contents/Frameworks/XCTestCore.framework /Applications/Xcode.app/Contents/Developer/Platforms/MacOSX.platform/Developer/Library/PrivateFrameworks/XCTestCore.framework (in target 'FlashScope' from project 'FlashScope')
    cd /Users/faisalmahmud/Downloads/FlashScope-fixed3
    builtin-copy -exclude .DS_Store -exclude CVS -exclude .svn -exclude .git -exclude .hg -exclude Headers -exclude PrivateHeaders -exclude Modules -exclude \*.tbd -strip-unsigned-binaries -strip-deterministic -strip-tool /Applications/Xcode.app/Contents/Developer/Toolchains/XcodeDefault.xctoolchain/usr/bin/strip -resolve-src-symlinks /Applications/Xcode.app/Contents/Developer/Platforms/MacOSX.platform/Developer/Library/PrivateFrameworks/XCTestCore.framework /Users/faisalmahmud/Downloads/FlashScope-fixed3/.artifacts/DerivedData/Build/Products/Debug/FlashScope.app/Contents/Frameworks
warning: not stripping binary because it is signed: /Applications/Xcode.app/Contents/Developer/Platforms/MacOSX.platform/Developer/Library/PrivateFrameworks/XCTestCore.framework/Versions/A/XCTestCore (in target 'FlashScope' from project 'FlashScope')

Copy /Users/faisalmahmud/Downloads/FlashScope-fixed3/.artifacts/DerivedData/Build/Products/Debug/FlashScope.app/Contents/Frameworks/XCTest.framework /Applications/Xcode.app/Contents/Developer/Platforms/MacOSX.platform/Developer/Library/Frameworks/XCTest.framework (in target 'FlashScope' from project 'FlashScope')
    cd /Users/faisalmahmud/Downloads/FlashScope-fixed3
    builtin-copy -exclude .DS_Store -exclude CVS -exclude .svn -exclude .git -exclude .hg -exclude Headers -exclude PrivateHeaders -exclude Modules -exclude \*.tbd -strip-unsigned-binaries -strip-deterministic -strip-tool /Applications/Xcode.app/Contents/Developer/Toolchains/XcodeDefault.xctoolchain/usr/bin/strip -resolve-src-symlinks /Applications/Xcode.app/Contents/Developer/Platforms/MacOSX.platform/Developer/Library/Frameworks/XCTest.framework /Users/faisalmahmud/Downloads/FlashScope-fixed3/.artifacts/DerivedData/Build/Products/Debug/FlashScope.app/Contents/Frameworks
warning: not stripping binary because it is signed: /Applications/Xcode.app/Contents/Developer/Platforms/MacOSX.platform/Developer/Library/Frameworks/XCTest.framework/Versions/A/XCTest (in target 'FlashScope' from project 'FlashScope')

Copy /Users/faisalmahmud/Downloads/FlashScope-fixed3/.artifacts/DerivedData/Build/Products/Debug/FlashScope.app/Contents/Frameworks/XCTAutomationSupport.framework /Applications/Xcode.app/Contents/Developer/Platforms/MacOSX.platform/Developer/Library/PrivateFrameworks/XCTAutomationSupport.framework (in target 'FlashScope' from project 'FlashScope')
    cd /Users/faisalmahmud/Downloads/FlashScope-fixed3
    builtin-copy -exclude .DS_Store -exclude CVS -exclude .svn -exclude .git -exclude .hg -exclude Headers -exclude PrivateHeaders -exclude Modules -exclude \*.tbd -strip-unsigned-binaries -strip-deterministic -strip-tool /Applications/Xcode.app/Contents/Developer/Toolchains/XcodeDefault.xctoolchain/usr/bin/strip -resolve-src-symlinks /Applications/Xcode.app/Contents/Developer/Platforms/MacOSX.platform/Developer/Library/PrivateFrameworks/XCTAutomationSupport.framework /Users/faisalmahmud/Downloads/FlashScope-fixed3/.artifacts/DerivedData/Build/Products/Debug/FlashScope.app/Contents/Frameworks
warning: not stripping binary because it is signed: /Applications/Xcode.app/Contents/Developer/Platforms/MacOSX.platform/Developer/Library/PrivateFrameworks/XCTAutomationSupport.framework/Versions/A/XCTAutomationSupport (in target 'FlashScope' from project 'FlashScope')

Copy /Users/faisalmahmud/Downloads/FlashScope-fixed3/.artifacts/DerivedData/Build/Products/Debug/FlashScope.app/Contents/Frameworks/Testing.framework /Applications/Xcode.app/Contents/Developer/Platforms/MacOSX.platform/Developer/Library/Frameworks/Testing.framework (in target 'FlashScope' from project 'FlashScope')
    cd /Users/faisalmahmud/Downloads/FlashScope-fixed3
    builtin-copy -exclude .DS_Store -exclude CVS -exclude .svn -exclude .git -exclude .hg -exclude Headers -exclude PrivateHeaders -exclude Modules -exclude \*.tbd -strip-unsigned-binaries -strip-deterministic -strip-tool /Applications/Xcode.app/Contents/Developer/Toolchains/XcodeDefault.xctoolchain/usr/bin/strip -resolve-src-symlinks /Applications/Xcode.app/Contents/Developer/Platforms/MacOSX.platform/Developer/Library/Frameworks/Testing.framework /Users/faisalmahmud/Downloads/FlashScope-fixed3/.artifacts/DerivedData/Build/Products/Debug/FlashScope.app/Contents/Frameworks
warning: not stripping binary because it is signed: /Applications/Xcode.app/Contents/Developer/Platforms/MacOSX.platform/Developer/Library/Frameworks/Testing.framework/Versions/A/Testing (in target 'FlashScope' from project 'FlashScope')

SwiftExplicitDependencyGeneratePcm x86_64 /Users/faisalmahmud/Downloads/FlashScope-fixed3/.artifacts/DerivedData/ModuleCache.noindex/CUPS-3IH9BB7BBXBJHNMG03UGC7DG7.pcm

SwiftExplicitDependencyGeneratePcm x86_64 /Users/faisalmahmud/Downloads/FlashScope-fixed3/.artifacts/DerivedData/ModuleCache.noindex/Symbols-4GUL7R3TGDHRIZYR9ASHV9RRA.pcm

SwiftExplicitDependencyGeneratePcm x86_64 /Users/faisalmahmud/Downloads/FlashScope-fixed3/.artifacts/DerivedData/ModuleCache.noindex/DeveloperToolsSupport-DMI7B310EEVLY9VEUENJRHPJB.pcm

SwiftExplicitDependencyGeneratePcm x86_64 /Users/faisalmahmud/Downloads/FlashScope-fixed3/.artifacts/DerivedData/ModuleCache.noindex/CoreData-CP5684HTPQU9TVWI21Q0MAMPP.pcm

SwiftExplicitDependencyGeneratePcm x86_64 /Users/faisalmahmud/Downloads/FlashScope-fixed3/.artifacts/DerivedData/ModuleCache.noindex/_Builtin_tgmath-7EIIZXVREZ42F55L4I2ALMVAY.pcm

SwiftExplicitDependencyGeneratePcm x86_64 /Users/faisalmahmud/Downloads/FlashScope-fixed3/.artifacts/DerivedData/ModuleCache.noindex/ColorSync-AEJ8XO0NSTUXM9OX2N66VZ9KW.pcm

SwiftExplicitDependencyGeneratePcm x86_64 /Users/faisalmahmud/Downloads/FlashScope-fixed3/.artifacts/DerivedData/ModuleCache.noindex/CoreTransferable-56NWRKJR05Q1SC9V033IEQY2C.pcm

SwiftExplicitDependencyGeneratePcm x86_64 /Users/faisalmahmud/Downloads/FlashScope-fixed3/.artifacts/DerivedData/ModuleCache.noindex/CoreGraphics-536GT4LBECMBHRXD1DRDVAJOL.pcm

SwiftExplicitDependencyGeneratePcm x86_64 /Users/faisalmahmud/Downloads/FlashScope-fixed3/.artifacts/DerivedData/ModuleCache.noindex/simd-F0O6GGZN64DET06TAZPJVPWEW.pcm

SwiftExplicitDependencyGeneratePcm x86_64 /Users/faisalmahmud/Downloads/FlashScope-fixed3/.artifacts/DerivedData/ModuleCache.noindex/UniformTypeIdentifiers-1PK94N1WGFLR6R6AQM9K0SZ8C.pcm

SwiftExplicitDependencyGeneratePcm x86_64 /Users/faisalmahmud/Downloads/FlashScope-fixed3/.artifacts/DerivedData/ModuleCache.noindex/_Builtin_stdatomic-22JIJ6PXIMJ2MECHHL7WG6PE3.pcm

SwiftExplicitDependencyGeneratePcm x86_64 /Users/faisalmahmud/Downloads/FlashScope-fixed3/.artifacts/DerivedData/ModuleCache.noindex/DataDetection-E68V2CQC7I4CNQ9IHGY23MB5M.pcm

SwiftExplicitDependencyGeneratePcm x86_64 /Users/faisalmahmud/Downloads/FlashScope-fixed3/.artifacts/DerivedData/ModuleCache.noindex/OpenGL-2SKYXYK2JHW9JW2R90NRE7CFV.pcm

SwiftExplicitDependencyGeneratePcm x86_64 /Users/faisalmahmud/Downloads/FlashScope-fixed3/.artifacts/DerivedData/ModuleCache.noindex/IOSurface-9B8UFV6G4LWQTZI38N38IIMLK.pcm

SwiftExplicitDependencyGeneratePcm x86_64 /Users/faisalmahmud/Downloads/FlashScope-fixed3/.artifacts/DerivedData/ModuleCache.noindex/os-321Z1HL2RX8Q3OIHVCFR5ECU5.pcm

SwiftExplicitDependencyGeneratePcm x86_64 /Users/faisalmahmud/Downloads/FlashScope-fixed3/.artifacts/DerivedData/ModuleCache.noindex/Metal-BBM1EPJCCM6HE5GUM6ZGN18WC.pcm

SwiftExplicitDependencyGeneratePcm x86_64 /Users/faisalmahmud/Downloads/FlashScope-fixed3/.artifacts/DerivedData/ModuleCache.noindex/Accessibility-3G8TNXU3T5VLCEDKZAPS8FXB7.pcm

SwiftExplicitDependencyGeneratePcm x86_64 /Users/faisalmahmud/Downloads/FlashScope-fixed3/.artifacts/DerivedData/ModuleCache.noindex/CoreText-7NJHT7M306LBQR5RRC3YLDUMY.pcm

SwiftExplicitDependencyGeneratePcm x86_64 /Users/faisalmahmud/Downloads/FlashScope-fixed3/.artifacts/DerivedData/ModuleCache.noindex/ImageIO-91WCW3XP19DH7RTBJJ4XYBNZX.pcm

SwiftExplicitDependencyGeneratePcm x86_64 /Users/faisalmahmud/Downloads/FlashScope-fixed3/.artifacts/DerivedData/ModuleCache.noindex/OSLog-34KC9GKUH2LIWM9IW1K21BKZ3.pcm

SwiftExplicitDependencyGeneratePcm x86_64 /Users/faisalmahmud/Downloads/FlashScope-fixed3/.artifacts/DerivedData/ModuleCache.noindex/ApplicationServices-7V7FHDID8J52LBXOSOFVS9DXX.pcm

SwiftExplicitDependencyGeneratePcm x86_64 /Users/faisalmahmud/Downloads/FlashScope-fixed3/.artifacts/DerivedData/ModuleCache.noindex/CoreVideo-2QNZ7T5PIR68M3N90J9SFB7GB.pcm

SwiftExplicitDependencyGeneratePcm x86_64 /Users/faisalmahmud/Downloads/FlashScope-fixed3/.artifacts/DerivedData/ModuleCache.noindex/QuartzCore-E0GQHVDXWD23EVZJP2UNCK8M8.pcm

SwiftExplicitDependencyGeneratePcm x86_64 /Users/faisalmahmud/Downloads/FlashScope-fixed3/.artifacts/DerivedData/ModuleCache.noindex/CoreImage-2FQK3BDYT6282KY9ANLO6574Q.pcm

SwiftExplicitDependencyGeneratePcm x86_64 /Users/faisalmahmud/Downloads/FlashScope-fixed3/.artifacts/DerivedData/ModuleCache.noindex/Spatial-5JHY5KGWF1VS21M4W7SP25EKT.pcm

SwiftExplicitDependencyGeneratePcm x86_64 /Users/faisalmahmud/Downloads/FlashScope-fixed3/.artifacts/DerivedData/ModuleCache.noindex/SwiftUICore-1AQMWOQQU2X2PXM3POV5NSOST.pcm

SwiftExplicitDependencyGeneratePcm x86_64 /Users/faisalmahmud/Downloads/FlashScope-fixed3/.artifacts/DerivedData/ModuleCache.noindex/AppKit-7AUG2Y4SRQ4TJQHIR1YP5F2K1.pcm

LinkAssetCatalog /Users/faisalmahmud/Downloads/FlashScope-fixed3/FlashScope/Resources/Assets.xcassets (in target 'FlashScope' from project 'FlashScope')
    cd /Users/faisalmahmud/Downloads/FlashScope-fixed3
    builtin-linkAssetCatalog --thinned /Users/faisalmahmud/Downloads/FlashScope-fixed3/.artifacts/DerivedData/Build/Intermediates.noindex/FlashScope.build/Debug/FlashScope.build/assetcatalog_output/thinned --thinned-dependencies /Users/faisalmahmud/Downloads/FlashScope-fixed3/.artifacts/DerivedData/Build/Intermediates.noindex/FlashScope.build/Debug/FlashScope.build/assetcatalog_dependencies_thinned --thinned-info-plist-content /Users/faisalmahmud/Downloads/FlashScope-fixed3/.artifacts/DerivedData/Build/Intermediates.noindex/FlashScope.build/Debug/FlashScope.build/assetcatalog_generated_info.plist_thinned --unthinned /Users/faisalmahmud/Downloads/FlashScope-fixed3/.artifacts/DerivedData/Build/Intermediates.noindex/FlashScope.build/Debug/FlashScope.build/assetcatalog_output/unthinned --unthinned-dependencies /Users/faisalmahmud/Downloads/FlashScope-fixed3/.artifacts/DerivedData/Build/Intermediates.noindex/FlashScope.build/Debug/FlashScope.build/assetcatalog_dependencies_unthinned --unthinned-info-plist-content /Users/faisalmahmud/Downloads/FlashScope-fixed3/.artifacts/DerivedData/Build/Intermediates.noindex/FlashScope.build/Debug/FlashScope.build/assetcatalog_generated_info.plist_unthinned --output /Users/faisalmahmud/Downloads/FlashScope-fixed3/.artifacts/DerivedData/Build/Products/Debug/FlashScope.app/Contents/Resources --plist-output /Users/faisalmahmud/Downloads/FlashScope-fixed3/.artifacts/DerivedData/Build/Intermediates.noindex/FlashScope.build/Debug/FlashScope.build/assetcatalog_generated_info.plist
note: Emplaced /Users/faisalmahmud/Downloads/FlashScope-fixed3/.artifacts/DerivedData/Build/Products/Debug/FlashScope.app/Contents/Resources/AppIcon.icns (in target 'FlashScope' from project 'FlashScope')
note: Emplaced /Users/faisalmahmud/Downloads/FlashScope-fixed3/.artifacts/DerivedData/Build/Products/Debug/FlashScope.app/Contents/Resources/Assets.car (in target 'FlashScope' from project 'FlashScope')

ProcessInfoPlistFile /Users/faisalmahmud/Downloads/FlashScope-fixed3/.artifacts/DerivedData/Build/Products/Debug/FlashScope.app/Contents/Info.plist /Users/faisalmahmud/Downloads/FlashScope-fixed3/FlashScope/Resources/Info.plist (in target 'FlashScope' from project 'FlashScope')
    cd /Users/faisalmahmud/Downloads/FlashScope-fixed3
    builtin-infoPlistUtility /Users/faisalmahmud/Downloads/FlashScope-fixed3/FlashScope/Resources/Info.plist -producttype com.apple.product-type.application -genpkginfo /Users/faisalmahmud/Downloads/FlashScope-fixed3/.artifacts/DerivedData/Build/Products/Debug/FlashScope.app/Contents/PkgInfo -expandbuildsettings -platform macosx -additionalcontentfile /Users/faisalmahmud/Downloads/FlashScope-fixed3/.artifacts/DerivedData/Build/Intermediates.noindex/FlashScope.build/Debug/FlashScope.build/assetcatalog_generated_info.plist -o /Users/faisalmahmud/Downloads/FlashScope-fixed3/.artifacts/DerivedData/Build/Products/Debug/FlashScope.app/Contents/Info.plist

SwiftExplicitDependencyGeneratePcm x86_64 /Users/faisalmahmud/Downloads/FlashScope-fixed3/.artifacts/DerivedData/ModuleCache.noindex/SwiftUI-2Z0JHAS70T2DNU1RORX1SSONU.pcm

SwiftExplicitDependencyGeneratePcm x86_64 /Users/faisalmahmud/Downloads/FlashScope-fixed3/.artifacts/DerivedData/Build/Intermediates.noindex/SwiftExplicitPrecompiledModules/XCUIAutomation-ASHXQEZEXPP1RF5USO93WDIRV.pcm

SwiftCompile normal x86_64 Compiling\ PerformanceCard.swift,\ DiskArbitrationDriveDiscoveryService.swift,\ DiskUtilityAdapter.swift,\ HelpView.swift /Users/faisalmahmud/Downloads/FlashScope-fixed3/FlashScope/Dashboard/PerformanceCard.swift /Users/faisalmahmud/Downloads/FlashScope-fixed3/FlashScope/Discovery/DiskArbitrationDriveDiscoveryService.swift /Users/faisalmahmud/Downloads/FlashScope-fixed3/FlashScope/Discovery/DiskUtilityAdapter.swift /Users/faisalmahmud/Downloads/FlashScope-fixed3/FlashScope/Features/HelpView.swift (in target 'FlashScope' from project 'FlashScope')

SwiftCompile normal x86_64 /Users/faisalmahmud/Downloads/FlashScope-fixed3/FlashScope/Dashboard/PerformanceCard.swift (in target 'FlashScope' from project 'FlashScope')
    cd /Users/faisalmahmud/Downloads/FlashScope-fixed3
    

SwiftCompile normal x86_64 /Users/faisalmahmud/Downloads/FlashScope-fixed3/FlashScope/Discovery/DiskArbitrationDriveDiscoveryService.swift (in target 'FlashScope' from project 'FlashScope')
    cd /Users/faisalmahmud/Downloads/FlashScope-fixed3
    

SwiftCompile normal x86_64 /Users/faisalmahmud/Downloads/FlashScope-fixed3/FlashScope/Discovery/DiskUtilityAdapter.swift (in target 'FlashScope' from project 'FlashScope')
    cd /Users/faisalmahmud/Downloads/FlashScope-fixed3
    

SwiftCompile normal x86_64 /Users/faisalmahmud/Downloads/FlashScope-fixed3/FlashScope/Features/HelpView.swift (in target 'FlashScope' from project 'FlashScope')
    cd /Users/faisalmahmud/Downloads/FlashScope-fixed3
    

SwiftEmitModule normal x86_64 Emitting\ module\ for\ FlashScope (in target 'FlashScope' from project 'FlashScope')

EmitSwiftModule normal x86_64 (in target 'FlashScope' from project 'FlashScope')
    cd /Users/faisalmahmud/Downloads/FlashScope-fixed3
    

SwiftCompile normal x86_64 Compiling\ RestrictedProcessRunner.swift,\ SimulationServices.swift,\ IOKitUSBTopologyService.swift,\ DiskArbitrationMountController.swift /Users/faisalmahmud/Downloads/FlashScope-fixed3/FlashScope/Support/RestrictedProcessRunner.swift /Users/faisalmahmud/Downloads/FlashScope-fixed3/FlashScope/Support/SimulationServices.swift /Users/faisalmahmud/Downloads/FlashScope-fixed3/FlashScope/USB/IOKitUSBTopologyService.swift /Users/faisalmahmud/Downloads/FlashScope-fixed3/FlashScope/Verification/DiskArbitrationMountController.swift (in target 'FlashScope' from project 'FlashScope')

SwiftCompile normal x86_64 /Users/faisalmahmud/Downloads/FlashScope-fixed3/FlashScope/Support/RestrictedProcessRunner.swift (in target 'FlashScope' from project 'FlashScope')
    cd /Users/faisalmahmud/Downloads/FlashScope-fixed3
    

SwiftCompile normal x86_64 /Users/faisalmahmud/Downloads/FlashScope-fixed3/FlashScope/Support/SimulationServices.swift (in target 'FlashScope' from project 'FlashScope')
    cd /Users/faisalmahmud/Downloads/FlashScope-fixed3
    

SwiftCompile normal x86_64 /Users/faisalmahmud/Downloads/FlashScope-fixed3/FlashScope/USB/IOKitUSBTopologyService.swift (in target 'FlashScope' from project 'FlashScope')
    cd /Users/faisalmahmud/Downloads/FlashScope-fixed3
    

SwiftCompile normal x86_64 /Users/faisalmahmud/Downloads/FlashScope-fixed3/FlashScope/Verification/DiskArbitrationMountController.swift (in target 'FlashScope' from project 'FlashScope')
    cd /Users/faisalmahmud/Downloads/FlashScope-fixed3
    

SwiftCompile normal x86_64 Compiling\ MacOSFilesystemVerificationService.swift,\ MacOSVolumeInformationService.swift,\ GeneratedAssetSymbols.swift /Users/faisalmahmud/Downloads/FlashScope-fixed3/FlashScope/Verification/MacOSFilesystemVerificationService.swift /Users/faisalmahmud/Downloads/FlashScope-fixed3/FlashScope/Volume/MacOSVolumeInformationService.swift /Users/faisalmahmud/Downloads/FlashScope-fixed3/.artifacts/DerivedData/Build/Intermediates.noindex/FlashScope.build/Debug/FlashScope.build/DerivedSources/GeneratedAssetSymbols.swift (in target 'FlashScope' from project 'FlashScope')

SwiftCompile normal x86_64 /Users/faisalmahmud/Downloads/FlashScope-fixed3/FlashScope/Verification/MacOSFilesystemVerificationService.swift (in target 'FlashScope' from project 'FlashScope')
    cd /Users/faisalmahmud/Downloads/FlashScope-fixed3
    

SwiftCompile normal x86_64 /Users/faisalmahmud/Downloads/FlashScope-fixed3/FlashScope/Volume/MacOSVolumeInformationService.swift (in target 'FlashScope' from project 'FlashScope')
    cd /Users/faisalmahmud/Downloads/FlashScope-fixed3
    

SwiftCompile normal x86_64 /Users/faisalmahmud/Downloads/FlashScope-fixed3/.artifacts/DerivedData/Build/Intermediates.noindex/FlashScope.build/Debug/FlashScope.build/DerivedSources/GeneratedAssetSymbols.swift (in target 'FlashScope' from project 'FlashScope')
    cd /Users/faisalmahmud/Downloads/FlashScope-fixed3
    

SwiftCompile normal x86_64 Compiling\ FilesystemCard.swift,\ FindingsCard.swift,\ HistoryCard.swift,\ OverviewCard.swift /Users/faisalmahmud/Downloads/FlashScope-fixed3/FlashScope/Dashboard/FilesystemCard.swift /Users/faisalmahmud/Downloads/FlashScope-fixed3/FlashScope/Dashboard/FindingsCard.swift /Users/faisalmahmud/Downloads/FlashScope-fixed3/FlashScope/Dashboard/HistoryCard.swift /Users/faisalmahmud/Downloads/FlashScope-fixed3/FlashScope/Dashboard/OverviewCard.swift (in target 'FlashScope' from project 'FlashScope')

SwiftCompile normal x86_64 /Users/faisalmahmud/Downloads/FlashScope-fixed3/FlashScope/Dashboard/FilesystemCard.swift (in target 'FlashScope' from project 'FlashScope')
    cd /Users/faisalmahmud/Downloads/FlashScope-fixed3
    

SwiftCompile normal x86_64 /Users/faisalmahmud/Downloads/FlashScope-fixed3/FlashScope/Dashboard/FindingsCard.swift (in target 'FlashScope' from project 'FlashScope')
    cd /Users/faisalmahmud/Downloads/FlashScope-fixed3
    

SwiftCompile normal x86_64 /Users/faisalmahmud/Downloads/FlashScope-fixed3/FlashScope/Dashboard/HistoryCard.swift (in target 'FlashScope' from project 'FlashScope')
    cd /Users/faisalmahmud/Downloads/FlashScope-fixed3
    

SwiftCompile normal x86_64 /Users/faisalmahmud/Downloads/FlashScope-fixed3/FlashScope/Dashboard/OverviewCard.swift (in target 'FlashScope' from project 'FlashScope')
    cd /Users/faisalmahmud/Downloads/FlashScope-fixed3
    

SwiftCompile normal x86_64 Compiling\ ReportExportController.swift,\ AppPreferences.swift,\ SettingsView.swift,\ SidebarView.swift /Users/faisalmahmud/Downloads/FlashScope-fixed3/FlashScope/Reporting/ReportExportController.swift /Users/faisalmahmud/Downloads/FlashScope-fixed3/FlashScope/Settings/AppPreferences.swift /Users/faisalmahmud/Downloads/FlashScope-fixed3/FlashScope/Settings/SettingsView.swift /Users/faisalmahmud/Downloads/FlashScope-fixed3/FlashScope/Sidebar/SidebarView.swift (in target 'FlashScope' from project 'FlashScope')

SwiftCompile normal x86_64 /Users/faisalmahmud/Downloads/FlashScope-fixed3/FlashScope/Reporting/ReportExportController.swift (in target 'FlashScope' from project 'FlashScope')
    cd /Users/faisalmahmud/Downloads/FlashScope-fixed3
    

SwiftCompile normal x86_64 /Users/faisalmahmud/Downloads/FlashScope-fixed3/FlashScope/Settings/AppPreferences.swift (in target 'FlashScope' from project 'FlashScope')
    cd /Users/faisalmahmud/Downloads/FlashScope-fixed3
    

SwiftCompile normal x86_64 /Users/faisalmahmud/Downloads/FlashScope-fixed3/FlashScope/Settings/SettingsView.swift (in target 'FlashScope' from project 'FlashScope')
    cd /Users/faisalmahmud/Downloads/FlashScope-fixed3
    

SwiftCompile normal x86_64 /Users/faisalmahmud/Downloads/FlashScope-fixed3/FlashScope/Sidebar/SidebarView.swift (in target 'FlashScope' from project 'FlashScope')
    cd /Users/faisalmahmud/Downloads/FlashScope-fixed3
    

SwiftCompile normal x86_64 Compiling\ MacOSHealthSignalService.swift,\ HealthCheckSheet.swift,\ SwiftDataHistoryRepository.swift,\ PDFReportRenderer.swift /Users/faisalmahmud/Downloads/FlashScope-fixed3/FlashScope/Health/MacOSHealthSignalService.swift /Users/faisalmahmud/Downloads/FlashScope-fixed3/FlashScope/HealthCheck/HealthCheckSheet.swift /Users/faisalmahmud/Downloads/FlashScope-fixed3/FlashScope/Persistence/SwiftDataHistoryRepository.swift /Users/faisalmahmud/Downloads/FlashScope-fixed3/FlashScope/Reporting/PDFReportRenderer.swift (in target 'FlashScope' from project 'FlashScope')
SwiftCompile normal x86_64 /Users/faisalmahmud/Downloads/FlashScope-fixed3/FlashScope/Health/MacOSHealthSignalService.swift (in target 'FlashScope' from project 'FlashScope')
    cd /Users/faisalmahmud/Downloads/FlashScope-fixed3
    

SwiftCompile normal x86_64 /Users/faisalmahmud/Downloads/FlashScope-fixed3/FlashScope/HealthCheck/HealthCheckSheet.swift (in target 'FlashScope' from project 'FlashScope')
    cd /Users/faisalmahmud/Downloads/FlashScope-fixed3
    
/Users/faisalmahmud/Downloads/FlashScope-fixed3/FlashScope/HealthCheck/HealthCheckSheet.swift:105:39: error: type 'ToggleStyle' has no member 'radio'
                        .toggleStyle(.radio)
                                     ~^~~~~

SwiftCompile normal x86_64 /Users/faisalmahmud/Downloads/FlashScope-fixed3/FlashScope/Persistence/SwiftDataHistoryRepository.swift (in target 'FlashScope' from project 'FlashScope')
    cd /Users/faisalmahmud/Downloads/FlashScope-fixed3
    

SwiftCompile normal x86_64 /Users/faisalmahmud/Downloads/FlashScope-fixed3/FlashScope/Reporting/PDFReportRenderer.swift (in target 'FlashScope' from project 'FlashScope')
    cd /Users/faisalmahmud/Downloads/FlashScope-fixed3
    
/Users/faisalmahmud/Downloads/FlashScope-fixed3/FlashScope/Reporting/PDFReportRenderer.swift:19:34: error: value of type 'CFAttributedString' has no member 'length'
        while location < content.length {
                         ~~~~~~~ ^~~~~~

Failed frontend command:
/Applications/Xcode.app/Contents/Developer/Toolchains/XcodeDefault.xctoolchain/usr/bin/swift-frontend -frontend -c /Users/faisalmahmud/Downloads/FlashScope-fixed3/FlashScope/App/AppServices.swift /Users/faisalmahmud/Downloads/FlashScope-fixed3/FlashScope/App/AppViewModel.swift /Users/faisalmahmud/Downloads/FlashScope-fixed3/FlashScope/App/ContentView.swift /Users/faisalmahmud/Downloads/FlashScope-fixed3/FlashScope/App/FlashScopeApp.swift /Users/faisalmahmud/Downloads/FlashScope-fixed3/FlashScope/Components/DiagnosticCard.swift /Users/faisalmahmud/Downloads/FlashScope-fixed3/FlashScope/Components/HealthStatusBadge.swift /Users/faisalmahmud/Downloads/FlashScope-fixed3/FlashScope/Dashboard/ConnectionCard.swift /Users/faisalmahmud/Downloads/FlashScope-fixed3/FlashScope/Dashboard/DashboardView.swift /Users/faisalmahmud/Downloads/FlashScope-fixed3/FlashScope/Dashboard/FilesystemCard.swift /Users/faisalmahmud/Downloads/FlashScope-fixed3/FlashScope/Dashboard/FindingsCard.swift /Users/faisalmahmud/Downloads/FlashScope-fixed3/FlashScope/Dashboard/HistoryCard.swift /Users/faisalmahmud/Downloads/FlashScope-fixed3/FlashScope/Dashboard/OverviewCard.swift /Users/faisalmahmud/Downloads/FlashScope-fixed3/FlashScope/Dashboard/PerformanceCard.swift /Users/faisalmahmud/Downloads/FlashScope-fixed3/FlashScope/Discovery/DiskArbitrationDriveDiscoveryService.swift /Users/faisalmahmud/Downloads/FlashScope-fixed3/FlashScope/Discovery/DiskUtilityAdapter.swift /Users/faisalmahmud/Downloads/FlashScope-fixed3/FlashScope/Features/HelpView.swift -primary-file /Users/faisalmahmud/Downloads/FlashScope-fixed3/FlashScope/Health/MacOSHealthSignalService.swift -primary-file /Users/faisalmahmud/Downloads/FlashScope-fixed3/FlashScope/HealthCheck/HealthCheckSheet.swift -primary-file /Users/faisalmahmud/Downloads/FlashScope-fixed3/FlashScope/Persistence/SwiftDataHistoryRepository.swift -primary-file /Users/faisalmahmud/Downloads/FlashScope-fixed3/FlashScope/Reporting/PDFReportRenderer.swift /Users/faisalmahmud/Downloads/FlashScope-fixed3/FlashScope/Reporting/ReportExportController.swift /Users/faisalmahmud/Downloads/FlashScope-fixed3/FlashScope/Settings/AppPreferences.swift /Users/faisalmahmud/Downloads/FlashScope-fixed3/FlashScope/Settings/SettingsView.swift /Users/faisalmahmud/Downloads/FlashScope-fixed3/FlashScope/Sidebar/SidebarView.swift /Users/faisalmahmud/Downloads/FlashScope-fixed3/FlashScope/Support/RestrictedProcessRunner.swift /Users/faisalmahmud/Downloads/FlashScope-fixed3/FlashScope/Support/SimulationServices.swift /Users/faisalmahmud/Downloads/FlashScope-fixed3/FlashScope/USB/IOKitUSBTopologyService.swift /Users/faisalmahmud/Downloads/FlashScope-fixed3/FlashScope/Verification/DiskArbitrationMountController.swift /Users/faisalmahmud/Downloads/FlashScope-fixed3/FlashScope/Verification/MacOSFilesystemVerificationService.swift /Users/faisalmahmud/Downloads/FlashScope-fixed3/FlashScope/Volume/MacOSVolumeInformationService.swift /Users/faisalmahmud/Downloads/FlashScope-fixed3/.artifacts/DerivedData/Build/Intermediates.noindex/FlashScope.build/Debug/FlashScope.build/DerivedSources/GeneratedAssetSymbols.swift -supplementary-output-file-map /Users/faisalmahmud/Downloads/FlashScope-fixed3/.artifacts/DerivedData/Build/Intermediates.noindex/FlashScope.build/Debug/FlashScope.build/Objects-normal/x86_64/supplementaryOutputs-5 -emit-localized-strings -emit-localized-strings-path /Users/faisalmahmud/Downloads/FlashScope-fixed3/.artifacts/DerivedData/Build/Intermediates.noindex/FlashScope.build/Debug/FlashScope.build/Objects-normal/x86_64 -target x86_64-apple-macos14.0 -module-can-import-version DeveloperToolsSupport 23.40.26 23.40.26 -load-resolved-plugin /Applications/Xcode.app/Contents/Developer/Platforms/MacOSX.platform/Developer/usr/lib/swift/host/plugins/libFoundationMacros.dylib\#/Applications/Xcode.app/Contents/Developer/Platforms/MacOSX.platform/Developer/usr/bin/swift-plugin-server\#FoundationMacros -load-resolved-plugin /Applications/Xcode.app/Contents/Developer/Platforms/MacOSX.platform/Developer/usr/lib/swift/host/plugins/libObservationMacros.dylib\#/Applications/Xcode.app/Contents/Developer/Platforms/MacOSX.platform/Developer/usr/bin/swift-plugin-server\#ObservationMacros -load-resolved-plugin /Applications/Xcode.app/Contents/Developer/Platforms/MacOSX.platform/Developer/usr/lib/swift/host/plugins/libPreviewsMacros.dylib\#/Applications/Xcode.app/Contents/Developer/Platforms/MacOSX.platform/Developer/usr/bin/swift-plugin-server\#PreviewsMacros -load-resolved-plugin /Applications/Xcode.app/Contents/Developer/Platforms/MacOSX.platform/Developer/usr/lib/swift/host/plugins/libSwiftDataMacros.dylib\#/Applications/Xcode.app/Contents/Developer/Platforms/MacOSX.platform/Developer/usr/bin/swift-plugin-server\#SwiftDataMacros -load-resolved-plugin /Applications/Xcode.app/Contents/Developer/Platforms/MacOSX.platform/Developer/usr/lib/swift/host/plugins/libSwiftMacros.dylib\#/Applications/Xcode.app/Contents/Developer/Platforms/MacOSX.platform/Developer/usr/bin/swift-plugin-server\#SwiftMacros -load-resolved-plugin /Applications/Xcode.app/Contents/Developer/Platforms/MacOSX.platform/Developer/usr/lib/swift/host/plugins/libSwiftUIMacros.dylib\#/Applications/Xcode.app/Contents/Developer/Platforms/MacOSX.platform/Developer/usr/bin/swift-plugin-server\#SwiftUIMacros -disable-implicit-swift-modules -Xcc -fno-implicit-modules -Xcc -fno-implicit-module-maps -explicit-swift-module-map-file /Users/faisalmahmud/Downloads/FlashScope-fixed3/.artifacts/DerivedData/Build/Intermediates.noindex/FlashScope.build/Debug/FlashScope.build/Objects-normal/x86_64/FlashScope-dependencies-1.json -debug-module-path /Users/faisalmahmud/Downloads/FlashScope-fixed3/.artifacts/DerivedData/Build/Intermediates.noindex/FlashScope.build/Debug/FlashScope.build/Objects-normal/x86_64/FlashScope.swiftmodule -enable-objc-interop -stack-check -sdk /Applications/Xcode.app/Contents/Developer/Platforms/MacOSX.platform/Developer/SDKs/MacOSX26.5.sdk -I /Users/faisalmahmud/Downloads/FlashScope-fixed3/.artifacts/DerivedData/Build/Products/Debug -F /Users/faisalmahmud/Downloads/FlashScope-fixed3/.artifacts/DerivedData/Build/Products/Debug -no-color-diagnostics -Xcc -fno-color-diagnostics -enable-testing -g -debug-info-format\=dwarf -dwarf-version\=4 -module-cache-path /Users/faisalmahmud/Downloads/FlashScope-fixed3/.artifacts/DerivedData/Build/Intermediates.noindex/SwiftExplicitPrecompiledModules -swift-version 6 -Onone -D DEBUG -serialize-debugging-options -const-gather-protocols-file /Users/faisalmahmud/Downloads/FlashScope-fixed3/.artifacts/DerivedData/Build/Intermediates.noindex/FlashScope.build/Debug/FlashScope.build/Objects-normal/x86_64/FlashScope_const_extract_protocols.json -enable-experimental-feature DebugDescriptionMacro -empty-abi-descriptor -validate-clang-modules-once -clang-build-session-file /Users/faisalmahmud/Downloads/FlashScope-fixed3/.artifacts/DerivedData/ModuleCache.noindex/Session.modulevalidation -Xcc -working-directory -Xcc /Users/faisalmahmud/Downloads/FlashScope-fixed3 -enable-anonymous-context-mangled-names -file-compilation-dir /Users/faisalmahmud/Downloads/FlashScope-fixed3 -Xcc -ivfsstatcache -Xcc /Users/faisalmahmud/Downloads/FlashScope-fixed3/.artifacts/DerivedData/SDKStatCaches.noindex/macosx26.5-25F70-e082c4a02f00227109f4ed75e425c832.sdkstatcache -Xcc -I/Users/faisalmahmud/Downloads/FlashScope-fixed3/.artifacts/DerivedData/Build/Intermediates.noindex/FlashScope.build/Debug/FlashScope.build/swift-overrides.hmap -Xcc -iquote -Xcc /Users/faisalmahmud/Downloads/FlashScope-fixed3/.artifacts/DerivedData/Build/Intermediates.noindex/FlashScope.build/Debug/FlashScope.build/FlashScope-generated-files.hmap -Xcc -I/Users/faisalmahmud/Downloads/FlashScope-fixed3/.artifacts/DerivedData/Build/Intermediates.noindex/FlashScope.build/Debug/FlashScope.build/FlashScope-own-target-headers.hmap -Xcc -I/Users/faisalmahmud/Downloads/FlashScope-fixed3/.artifacts/DerivedData/Build/Intermediates.noindex/FlashScope.build/Debug/FlashScope.build/FlashScope-all-non-framework-target-headers.hmap -Xcc -ivfsoverlay -Xcc /Users/faisalmahmud/Downloads/FlashScope-fixed3/.artifacts/DerivedData/Build/Intermediates.noindex/FlashScope.build/Debug/FlashScope-35eb7d1e5bec2298583130c899748a02-VFS/all-product-headers.yaml -Xcc -iquote -Xcc /Users/faisalmahmud/Downloads/FlashScope-fixed3/.artifacts/DerivedData/Build/Intermediates.noindex/FlashScope.build/Debug/FlashScope.build/FlashScope-project-headers.hmap -Xcc -I/Users/faisalmahmud/Downloads/FlashScope-fixed3/.artifacts/DerivedData/Build/Products/Debug/include -Xcc -I/Users/faisalmahmud/Downloads/FlashScope-fixed3/.artifacts/DerivedData/Build/Intermediates.noindex/FlashScope.build/Debug/FlashScope.build/DerivedSources-normal/x86_64 -Xcc -I/Users/faisalmahmud/Downloads/FlashScope-fixed3/.artifacts/DerivedData/Build/Intermediates.noindex/FlashScope.build/Debug/FlashScope.build/DerivedSources/x86_64 -Xcc -I/Users/faisalmahmud/Downloads/FlashScope-fixed3/.artifacts/DerivedData/Build/Intermediates.noindex/FlashScope.build/Debug/FlashScope.build/DerivedSources -no-auto-bridging-header-chaining -module-name FlashScope -frontend-parseable-output -disable-clang-spi -clang-target x86_64-apple-macos26.5 -target-sdk-version 26.5 -target-sdk-name macosx26.5 -in-process-plugin-server-path /Applications/Xcode.app/Contents/Developer/Toolchains/XcodeDefault.xctoolchain/usr/lib/swift/host/libSwiftInProcPluginServer.dylib -o /Users/faisalmahmud/Downloads/FlashScope-fixed3/.artifacts/DerivedData/Build/Intermediates.noindex/FlashScope.build/Debug/FlashScope.build/Objects-normal/x86_64/MacOSHealthSignalService.o -o /Users/faisalmahmud/Downloads/FlashScope-fixed3/.artifacts/DerivedData/Build/Intermediates.noindex/FlashScope.build/Debug/FlashScope.build/Objects-normal/x86_64/HealthCheckSheet.o -o /Users/faisalmahmud/Downloads/FlashScope-fixed3/.artifacts/DerivedData/Build/Intermediates.noindex/FlashScope.build/Debug/FlashScope.build/Objects-normal/x86_64/SwiftDataHistoryRepository.o -o /Users/faisalmahmud/Downloads/FlashScope-fixed3/.artifacts/DerivedData/Build/Intermediates.noindex/FlashScope.build/Debug/FlashScope.build/Objects-normal/x86_64/PDFReportRenderer.o -index-unit-output-path /FlashScope.build/Debug/FlashScope.build/Objects-normal/x86_64/MacOSHealthSignalService.o -index-unit-output-path /FlashScope.build/Debug/FlashScope.build/Objects-normal/x86_64/HealthCheckSheet.o -index-unit-output-path /FlashScope.build/Debug/FlashScope.build/Objects-normal/x86_64/SwiftDataHistoryRepository.o -index-unit-output-path /FlashScope.build/Debug/FlashScope.build/Objects-normal/x86_64/PDFReportRenderer.o -index-store-path /Users/faisalmahmud/Downloads/FlashScope-fixed3/.artifacts/DerivedData/Index.noindex/DataStore -index-system-modules
SwiftCompile normal x86_64 Compiling\ AppServices.swift,\ AppViewModel.swift,\ ContentView.swift,\ FlashScopeApp.swift /Users/faisalmahmud/Downloads/FlashScope-fixed3/FlashScope/App/AppServices.swift /Users/faisalmahmud/Downloads/FlashScope-fixed3/FlashScope/App/AppViewModel.swift /Users/faisalmahmud/Downloads/FlashScope-fixed3/FlashScope/App/ContentView.swift /Users/faisalmahmud/Downloads/FlashScope-fixed3/FlashScope/App/FlashScopeApp.swift (in target 'FlashScope' from project 'FlashScope')

SwiftCompile normal x86_64 /Users/faisalmahmud/Downloads/FlashScope-fixed3/FlashScope/App/AppServices.swift (in target 'FlashScope' from project 'FlashScope')
    cd /Users/faisalmahmud/Downloads/FlashScope-fixed3
    

SwiftCompile normal x86_64 /Users/faisalmahmud/Downloads/FlashScope-fixed3/FlashScope/App/AppViewModel.swift (in target 'FlashScope' from project 'FlashScope')
    cd /Users/faisalmahmud/Downloads/FlashScope-fixed3
    

SwiftCompile normal x86_64 /Users/faisalmahmud/Downloads/FlashScope-fixed3/FlashScope/App/ContentView.swift (in target 'FlashScope' from project 'FlashScope')
    cd /Users/faisalmahmud/Downloads/FlashScope-fixed3
    

SwiftCompile normal x86_64 /Users/faisalmahmud/Downloads/FlashScope-fixed3/FlashScope/App/FlashScopeApp.swift (in target 'FlashScope' from project 'FlashScope')
    cd /Users/faisalmahmud/Downloads/FlashScope-fixed3
    

SwiftExplicitDependencyCompileModuleFromInterface x86_64 /Users/faisalmahmud/Downloads/FlashScope-fixed3/.artifacts/DerivedData/Build/Intermediates.noindex/SwiftExplicitPrecompiledModules/XCUIAutomation-15I4T6WYH93N1.swiftmodule

SwiftDriverJobDiscovery normal x86_64 Emitting module for FlashScope (in target 'FlashScope' from project 'FlashScope')

SwiftDriver\ Compilation\ Requirements FlashScope normal x86_64 com.apple.xcode.tools.swift.compiler (in target 'FlashScope' from project 'FlashScope')
    cd /Users/faisalmahmud/Downloads/FlashScope-fixed3
    builtin-Swift-Compilation-Requirements -- /Applications/Xcode.app/Contents/Developer/Toolchains/XcodeDefault.xctoolchain/usr/bin/swiftc -module-name FlashScope -Onone @/Users/faisalmahmud/Downloads/FlashScope-fixed3/.artifacts/DerivedData/Build/Intermediates.noindex/FlashScope.build/Debug/FlashScope.build/Objects-normal/x86_64/FlashScope.SwiftFileList -DDEBUG -enable-experimental-feature DebugDescriptionMacro -sdk /Applications/Xcode.app/Contents/Developer/Platforms/MacOSX.platform/Developer/SDKs/MacOSX26.5.sdk -target x86_64-apple-macos14.0 -g -module-cache-path /Users/faisalmahmud/Downloads/FlashScope-fixed3/.artifacts/DerivedData/ModuleCache.noindex -Xfrontend -serialize-debugging-options -enable-testing -index-store-path /Users/faisalmahmud/Downloads/FlashScope-fixed3/.artifacts/DerivedData/Index.noindex/DataStore -swift-version 6 -I /Users/faisalmahmud/Downloads/FlashScope-fixed3/.artifacts/DerivedData/Build/Products/Debug -F /Users/faisalmahmud/Downloads/FlashScope-fixed3/.artifacts/DerivedData/Build/Products/Debug -emit-localized-strings -emit-localized-strings-path /Users/faisalmahmud/Downloads/FlashScope-fixed3/.artifacts/DerivedData/Build/Intermediates.noindex/FlashScope.build/Debug/FlashScope.build/Objects-normal/x86_64 -c -j8 -enable-batch-mode -incremental -Xcc -ivfsstatcache -Xcc /Users/faisalmahmud/Downloads/FlashScope-fixed3/.artifacts/DerivedData/SDKStatCaches.noindex/macosx26.5-25F70-e082c4a02f00227109f4ed75e425c832.sdkstatcache -output-file-map /Users/faisalmahmud/Downloads/FlashScope-fixed3/.artifacts/DerivedData/Build/Intermediates.noindex/FlashScope.build/Debug/FlashScope.build/Objects-normal/x86_64/FlashScope-OutputFileMap.json -use-frontend-parseable-output -save-temps -no-color-diagnostics -explicit-module-build -module-cache-path /Users/faisalmahmud/Downloads/FlashScope-fixed3/.artifacts/DerivedData/Build/Intermediates.noindex/SwiftExplicitPrecompiledModules -clang-scanner-module-cache-path /Users/faisalmahmud/Downloads/FlashScope-fixed3/.artifacts/DerivedData/ModuleCache.noindex -sdk-module-cache-path /Users/faisalmahmud/Downloads/FlashScope-fixed3/.artifacts/DerivedData/ModuleCache.noindex -serialize-diagnostics -emit-dependencies -emit-module -emit-module-path /Users/faisalmahmud/Downloads/FlashScope-fixed3/.artifacts/DerivedData/Build/Intermediates.noindex/FlashScope.build/Debug/FlashScope.build/Objects-normal/x86_64/FlashScope.swiftmodule -validate-clang-modules-once -clang-build-session-file /Users/faisalmahmud/Downloads/FlashScope-fixed3/.artifacts/DerivedData/ModuleCache.noindex/Session.modulevalidation -Xcc -I/Users/faisalmahmud/Downloads/FlashScope-fixed3/.artifacts/DerivedData/Build/Intermediates.noindex/FlashScope.build/Debug/FlashScope.build/swift-overrides.hmap -emit-const-values -Xfrontend -const-gather-protocols-file -Xfrontend /Users/faisalmahmud/Downloads/FlashScope-fixed3/.artifacts/DerivedData/Build/Intermediates.noindex/FlashScope.build/Debug/FlashScope.build/Objects-normal/x86_64/FlashScope_const_extract_protocols.json -Xcc -iquote -Xcc /Users/faisalmahmud/Downloads/FlashScope-fixed3/.artifacts/DerivedData/Build/Intermediates.noindex/FlashScope.build/Debug/FlashScope.build/FlashScope-generated-files.hmap -Xcc -I/Users/faisalmahmud/Downloads/FlashScope-fixed3/.artifacts/DerivedData/Build/Intermediates.noindex/FlashScope.build/Debug/FlashScope.build/FlashScope-own-target-headers.hmap -Xcc -I/Users/faisalmahmud/Downloads/FlashScope-fixed3/.artifacts/DerivedData/Build/Intermediates.noindex/FlashScope.build/Debug/FlashScope.build/FlashScope-all-non-framework-target-headers.hmap -Xcc -ivfsoverlay -Xcc /Users/faisalmahmud/Downloads/FlashScope-fixed3/.artifacts/DerivedData/Build/Intermediates.noindex/FlashScope.build/Debug/FlashScope-35eb7d1e5bec2298583130c899748a02-VFS/all-product-headers.yaml -Xcc -iquote -Xcc /Users/faisalmahmud/Downloads/FlashScope-fixed3/.artifacts/DerivedData/Build/Intermediates.noindex/FlashScope.build/Debug/FlashScope.build/FlashScope-project-headers.hmap -Xcc -I/Users/faisalmahmud/Downloads/FlashScope-fixed3/.artifacts/DerivedData/Build/Products/Debug/include -Xcc -I/Users/faisalmahmud/Downloads/FlashScope-fixed3/.artifacts/DerivedData/Build/Intermediates.noindex/FlashScope.build/Debug/FlashScope.build/DerivedSources-normal/x86_64 -Xcc -I/Users/faisalmahmud/Downloads/FlashScope-fixed3/.artifacts/DerivedData/Build/Intermediates.noindex/FlashScope.build/Debug/FlashScope.build/DerivedSources/x86_64 -Xcc -I/Users/faisalmahmud/Downloads/FlashScope-fixed3/.artifacts/DerivedData/Build/Intermediates.noindex/FlashScope.build/Debug/FlashScope.build/DerivedSources -emit-objc-header -emit-objc-header-path /Users/faisalmahmud/Downloads/FlashScope-fixed3/.artifacts/DerivedData/Build/Intermediates.noindex/FlashScope.build/Debug/FlashScope.build/Objects-normal/x86_64/FlashScope-Swift.h -working-directory /Users/faisalmahmud/Downloads/FlashScope-fixed3 -experimental-emit-module-separately -disable-cmo

SwiftDriverJobDiscovery normal x86_64 Compiling MacOSFilesystemVerificationService.swift, MacOSVolumeInformationService.swift, GeneratedAssetSymbols.swift (in target 'FlashScope' from project 'FlashScope')

SwiftExplicitDependencyGeneratePcm x86_64 /Users/faisalmahmud/Downloads/FlashScope-fixed3/.artifacts/DerivedData/Build/Intermediates.noindex/SwiftExplicitPrecompiledModules/XCTest-7Y7DXW0AO576R1A3IFEAPRZDW.pcm

SwiftMergeGeneratedHeaders /Users/faisalmahmud/Downloads/FlashScope-fixed3/.artifacts/DerivedData/Build/Intermediates.noindex/FlashScope.build/Debug/FlashScope.build/DerivedSources/FlashScope-Swift.h /Users/faisalmahmud/Downloads/FlashScope-fixed3/.artifacts/DerivedData/Build/Intermediates.noindex/FlashScope.build/Debug/FlashScope.build/Objects-normal/x86_64/FlashScope-Swift.h (in target 'FlashScope' from project 'FlashScope')
    cd /Users/faisalmahmud/Downloads/FlashScope-fixed3
    builtin-swiftHeaderTool -arch x86_64 /Users/faisalmahmud/Downloads/FlashScope-fixed3/.artifacts/DerivedData/Build/Intermediates.noindex/FlashScope.build/Debug/FlashScope.build/Objects-normal/x86_64/FlashScope-Swift.h -o /Users/faisalmahmud/Downloads/FlashScope-fixed3/.artifacts/DerivedData/Build/Intermediates.noindex/FlashScope.build/Debug/FlashScope.build/DerivedSources/FlashScope-Swift.h

Copy /Users/faisalmahmud/Downloads/FlashScope-fixed3/.artifacts/DerivedData/Build/Products/Debug/FlashScope.swiftmodule/x86_64-apple-macos.swiftmodule /Users/faisalmahmud/Downloads/FlashScope-fixed3/.artifacts/DerivedData/Build/Intermediates.noindex/FlashScope.build/Debug/FlashScope.build/Objects-normal/x86_64/FlashScope.swiftmodule (in target 'FlashScope' from project 'FlashScope')
    cd /Users/faisalmahmud/Downloads/FlashScope-fixed3
    builtin-copy -exclude .DS_Store -exclude CVS -exclude .svn -exclude .git -exclude .hg -strip-unsigned-binaries -strip-deterministic -strip-tool /Applications/Xcode.app/Contents/Developer/Toolchains/XcodeDefault.xctoolchain/usr/bin/strip -resolve-src-symlinks -rename /Users/faisalmahmud/Downloads/FlashScope-fixed3/.artifacts/DerivedData/Build/Intermediates.noindex/FlashScope.build/Debug/FlashScope.build/Objects-normal/x86_64/FlashScope.swiftmodule /Users/faisalmahmud/Downloads/FlashScope-fixed3/.artifacts/DerivedData/Build/Products/Debug/FlashScope.swiftmodule/x86_64-apple-macos.swiftmodule

Copy /Users/faisalmahmud/Downloads/FlashScope-fixed3/.artifacts/DerivedData/Build/Products/Debug/FlashScope.swiftmodule/x86_64-apple-macos.swiftdoc /Users/faisalmahmud/Downloads/FlashScope-fixed3/.artifacts/DerivedData/Build/Intermediates.noindex/FlashScope.build/Debug/FlashScope.build/Objects-normal/x86_64/FlashScope.swiftdoc (in target 'FlashScope' from project 'FlashScope')
    cd /Users/faisalmahmud/Downloads/FlashScope-fixed3
    builtin-copy -exclude .DS_Store -exclude CVS -exclude .svn -exclude .git -exclude .hg -strip-unsigned-binaries -strip-deterministic -strip-tool /Applications/Xcode.app/Contents/Developer/Toolchains/XcodeDefault.xctoolchain/usr/bin/strip -resolve-src-symlinks -rename /Users/faisalmahmud/Downloads/FlashScope-fixed3/.artifacts/DerivedData/Build/Intermediates.noindex/FlashScope.build/Debug/FlashScope.build/Objects-normal/x86_64/FlashScope.swiftdoc /Users/faisalmahmud/Downloads/FlashScope-fixed3/.artifacts/DerivedData/Build/Products/Debug/FlashScope.swiftmodule/x86_64-apple-macos.swiftdoc

Copy /Users/faisalmahmud/Downloads/FlashScope-fixed3/.artifacts/DerivedData/Build/Products/Debug/FlashScope.swiftmodule/x86_64-apple-macos.abi.json /Users/faisalmahmud/Downloads/FlashScope-fixed3/.artifacts/DerivedData/Build/Intermediates.noindex/FlashScope.build/Debug/FlashScope.build/Objects-normal/x86_64/FlashScope.abi.json (in target 'FlashScope' from project 'FlashScope')
    cd /Users/faisalmahmud/Downloads/FlashScope-fixed3
    builtin-copy -exclude .DS_Store -exclude CVS -exclude .svn -exclude .git -exclude .hg -strip-unsigned-binaries -strip-deterministic -strip-tool /Applications/Xcode.app/Contents/Developer/Toolchains/XcodeDefault.xctoolchain/usr/bin/strip -resolve-src-symlinks -rename /Users/faisalmahmud/Downloads/FlashScope-fixed3/.artifacts/DerivedData/Build/Intermediates.noindex/FlashScope.build/Debug/FlashScope.build/Objects-normal/x86_64/FlashScope.abi.json /Users/faisalmahmud/Downloads/FlashScope-fixed3/.artifacts/DerivedData/Build/Products/Debug/FlashScope.swiftmodule/x86_64-apple-macos.abi.json

Copy /Users/faisalmahmud/Downloads/FlashScope-fixed3/.artifacts/DerivedData/Build/Products/Debug/FlashScope.swiftmodule/Project/x86_64-apple-macos.swiftsourceinfo /Users/faisalmahmud/Downloads/FlashScope-fixed3/.artifacts/DerivedData/Build/Intermediates.noindex/FlashScope.build/Debug/FlashScope.build/Objects-normal/x86_64/FlashScope.swiftsourceinfo (in target 'FlashScope' from project 'FlashScope')
    cd /Users/faisalmahmud/Downloads/FlashScope-fixed3
    builtin-copy -exclude .DS_Store -exclude CVS -exclude .svn -exclude .git -exclude .hg -strip-unsigned-binaries -strip-deterministic -strip-tool /Applications/Xcode.app/Contents/Developer/Toolchains/XcodeDefault.xctoolchain/usr/bin/strip -resolve-src-symlinks -rename /Users/faisalmahmud/Downloads/FlashScope-fixed3/.artifacts/DerivedData/Build/Intermediates.noindex/FlashScope.build/Debug/FlashScope.build/Objects-normal/x86_64/FlashScope.swiftsourceinfo /Users/faisalmahmud/Downloads/FlashScope-fixed3/.artifacts/DerivedData/Build/Products/Debug/FlashScope.swiftmodule/Project/x86_64-apple-macos.swiftsourceinfo

SwiftCompile normal x86_64 Compiling\ DiagnosticCard.swift,\ HealthStatusBadge.swift,\ ConnectionCard.swift,\ DashboardView.swift /Users/faisalmahmud/Downloads/FlashScope-fixed3/FlashScope/Components/DiagnosticCard.swift /Users/faisalmahmud/Downloads/FlashScope-fixed3/FlashScope/Components/HealthStatusBadge.swift /Users/faisalmahmud/Downloads/FlashScope-fixed3/FlashScope/Dashboard/ConnectionCard.swift /Users/faisalmahmud/Downloads/FlashScope-fixed3/FlashScope/Dashboard/DashboardView.swift (in target 'FlashScope' from project 'FlashScope')

SwiftCompile normal x86_64 /Users/faisalmahmud/Downloads/FlashScope-fixed3/FlashScope/Components/DiagnosticCard.swift (in target 'FlashScope' from project 'FlashScope')
    cd /Users/faisalmahmud/Downloads/FlashScope-fixed3
    

SwiftCompile normal x86_64 /Users/faisalmahmud/Downloads/FlashScope-fixed3/FlashScope/Components/HealthStatusBadge.swift (in target 'FlashScope' from project 'FlashScope')
    cd /Users/faisalmahmud/Downloads/FlashScope-fixed3
    

SwiftCompile normal x86_64 /Users/faisalmahmud/Downloads/FlashScope-fixed3/FlashScope/Dashboard/ConnectionCard.swift (in target 'FlashScope' from project 'FlashScope')
    cd /Users/faisalmahmud/Downloads/FlashScope-fixed3
    

SwiftCompile normal x86_64 /Users/faisalmahmud/Downloads/FlashScope-fixed3/FlashScope/Dashboard/DashboardView.swift (in target 'FlashScope' from project 'FlashScope')
    cd /Users/faisalmahmud/Downloads/FlashScope-fixed3
    

SwiftExplicitDependencyCompileModuleFromInterface x86_64 /Users/faisalmahmud/Downloads/FlashScope-fixed3/.artifacts/DerivedData/Build/Intermediates.noindex/SwiftExplicitPrecompiledModules/XCTest-DO2IIL813L09.swiftmodule

SwiftEmitModule normal x86_64 Emitting\ module\ for\ FlashScopeCoreTests (in target 'FlashScopeCoreTests' from project 'FlashScope')

SwiftCompile normal x86_64 /Users/faisalmahmud/Downloads/FlashScope-fixed3/Tests/FlashScopeCoreTests/FlashScopeCoreTests.swift (in target 'FlashScopeCoreTests' from project 'FlashScope')
    cd /Users/faisalmahmud/Downloads/FlashScope-fixed3
    

SwiftDriverJobDiscovery normal x86_64 Emitting module for FlashScopeCoreTests (in target 'FlashScopeCoreTests' from project 'FlashScope')

SwiftCompile normal x86_64 Compiling\ FlashScopeCoreTests.swift /Users/faisalmahmud/Downloads/FlashScope-fixed3/Tests/FlashScopeCoreTests/FlashScopeCoreTests.swift (in target 'FlashScopeCoreTests' from project 'FlashScope')

SwiftCompile normal x86_64 /Users/faisalmahmud/Downloads/FlashScope-fixed3/Tests/FlashScopeCoreTests/FlashScopeCoreTests.swift (in target 'FlashScopeCoreTests' from project 'FlashScope')
    cd /Users/faisalmahmud/Downloads/FlashScope-fixed3
    

SwiftDriver\ Compilation\ Requirements FlashScopeCoreTests normal x86_64 com.apple.xcode.tools.swift.compiler (in target 'FlashScopeCoreTests' from project 'FlashScope')
    cd /Users/faisalmahmud/Downloads/FlashScope-fixed3
    builtin-Swift-Compilation-Requirements -- /Applications/Xcode.app/Contents/Developer/Toolchains/XcodeDefault.xctoolchain/usr/bin/swiftc -module-name FlashScopeCoreTests -Onone @/Users/faisalmahmud/Downloads/FlashScope-fixed3/.artifacts/DerivedData/Build/Intermediates.noindex/FlashScope.build/Debug/FlashScopeCoreTests.build/Objects-normal/x86_64/FlashScopeCoreTests.SwiftFileList -DDEBUG -plugin-path /Applications/Xcode.app/Contents/Developer/Toolchains/XcodeDefault.xctoolchain/usr/lib/swift/host/plugins/testing -enable-experimental-feature DebugDescriptionMacro -sdk /Applications/Xcode.app/Contents/Developer/Platforms/MacOSX.platform/Developer/SDKs/MacOSX26.5.sdk -target x86_64-apple-macos14.0 -g -module-cache-path /Users/faisalmahmud/Downloads/FlashScope-fixed3/.artifacts/DerivedData/ModuleCache.noindex -Xfrontend -serialize-debugging-options -enable-testing -index-store-path /Users/faisalmahmud/Downloads/FlashScope-fixed3/.artifacts/DerivedData/Index.noindex/DataStore -swift-version 6 -I /Users/faisalmahmud/Downloads/FlashScope-fixed3/.artifacts/DerivedData/Build/Products/Debug -Isystem /Applications/Xcode.app/Contents/Developer/Platforms/MacOSX.platform/Developer/usr/lib -F /Users/faisalmahmud/Downloads/FlashScope-fixed3/.artifacts/DerivedData/Build/Products/Debug -F /Applications/Xcode.app/Contents/Developer/Platforms/MacOSX.platform/Developer/Library/Frameworks -parse-as-library -c -j8 -enable-batch-mode -incremental -Xcc -ivfsstatcache -Xcc /Users/faisalmahmud/Downloads/FlashScope-fixed3/.artifacts/DerivedData/SDKStatCaches.noindex/macosx26.5-25F70-e082c4a02f00227109f4ed75e425c832.sdkstatcache -output-file-map /Users/faisalmahmud/Downloads/FlashScope-fixed3/.artifacts/DerivedData/Build/Intermediates.noindex/FlashScope.build/Debug/FlashScopeCoreTests.build/Objects-normal/x86_64/FlashScopeCoreTests-OutputFileMap.json -use-frontend-parseable-output -save-temps -no-color-diagnostics -explicit-module-build -module-cache-path /Users/faisalmahmud/Downloads/FlashScope-fixed3/.artifacts/DerivedData/Build/Intermediates.noindex/SwiftExplicitPrecompiledModules -clang-scanner-module-cache-path /Users/faisalmahmud/Downloads/FlashScope-fixed3/.artifacts/DerivedData/ModuleCache.noindex -sdk-module-cache-path /Users/faisalmahmud/Downloads/FlashScope-fixed3/.artifacts/DerivedData/ModuleCache.noindex -serialize-diagnostics -emit-dependencies -emit-module -emit-module-path /Users/faisalmahmud/Downloads/FlashScope-fixed3/.artifacts/DerivedData/Build/Intermediates.noindex/FlashScope.build/Debug/FlashScopeCoreTests.build/Objects-normal/x86_64/FlashScopeCoreTests.swiftmodule -validate-clang-modules-once -clang-build-session-file /Users/faisalmahmud/Downloads/FlashScope-fixed3/.artifacts/DerivedData/ModuleCache.noindex/Session.modulevalidation -Xcc -I/Users/faisalmahmud/Downloads/FlashScope-fixed3/.artifacts/DerivedData/Build/Intermediates.noindex/FlashScope.build/Debug/FlashScopeCoreTests.build/swift-overrides.hmap -emit-const-values -Xfrontend -const-gather-protocols-file -Xfrontend /Users/faisalmahmud/Downloads/FlashScope-fixed3/.artifacts/DerivedData/Build/Intermediates.noindex/FlashScope.build/Debug/FlashScopeCoreTests.build/Objects-normal/x86_64/FlashScopeCoreTests_const_extract_protocols.json -Xcc -iquote -Xcc /Users/faisalmahmud/Downloads/FlashScope-fixed3/.artifacts/DerivedData/Build/Intermediates.noindex/FlashScope.build/Debug/FlashScopeCoreTests.build/FlashScopeCoreTests-generated-files.hmap -Xcc -I/Users/faisalmahmud/Downloads/FlashScope-fixed3/.artifacts/DerivedData/Build/Intermediates.noindex/FlashScope.build/Debug/FlashScopeCoreTests.build/FlashScopeCoreTests-own-target-headers.hmap -Xcc -I/Users/faisalmahmud/Downloads/FlashScope-fixed3/.artifacts/DerivedData/Build/Intermediates.noindex/FlashScope.build/Debug/FlashScopeCoreTests.build/FlashScopeCoreTests-all-non-framework-target-headers.hmap -Xcc -ivfsoverlay -Xcc /Users/faisalmahmud/Downloads/FlashScope-fixed3/.artifacts/DerivedData/Build/Intermediates.noindex/FlashScope.build/Debug/FlashScope-35eb7d1e5bec2298583130c899748a02-VFS/all-product-headers.yaml -Xcc -iquote -Xcc /Users/faisalmahmud/Downloads/FlashScope-fixed3/.artifacts/DerivedData/Build/Intermediates.noindex/FlashScope.build/Debug/FlashScopeCoreTests.build/FlashScopeCoreTests-project-headers.hmap -Xcc -I/Users/faisalmahmud/Downloads/FlashScope-fixed3/.artifacts/DerivedData/Build/Products/Debug/include -Xcc -I/Users/faisalmahmud/Downloads/FlashScope-fixed3/.artifacts/DerivedData/Build/Intermediates.noindex/FlashScope.build/Debug/FlashScopeCoreTests.build/DerivedSources-normal/x86_64 -Xcc -I/Users/faisalmahmud/Downloads/FlashScope-fixed3/.artifacts/DerivedData/Build/Intermediates.noindex/FlashScope.build/Debug/FlashScopeCoreTests.build/DerivedSources/x86_64 -Xcc -I/Users/faisalmahmud/Downloads/FlashScope-fixed3/.artifacts/DerivedData/Build/Intermediates.noindex/FlashScope.build/Debug/FlashScopeCoreTests.build/DerivedSources -emit-objc-header -emit-objc-header-path /Users/faisalmahmud/Downloads/FlashScope-fixed3/.artifacts/DerivedData/Build/Intermediates.noindex/FlashScope.build/Debug/FlashScopeCoreTests.build/Objects-normal/x86_64/FlashScopeCoreTests-Swift.h -working-directory /Users/faisalmahmud/Downloads/FlashScope-fixed3 -experimental-emit-module-separately -disable-cmo

SwiftDriverJobDiscovery normal x86_64 Compiling RestrictedProcessRunner.swift, SimulationServices.swift, IOKitUSBTopologyService.swift, DiskArbitrationMountController.swift (in target 'FlashScope' from project 'FlashScope')

SwiftMergeGeneratedHeaders /Users/faisalmahmud/Downloads/FlashScope-fixed3/.artifacts/DerivedData/Build/Intermediates.noindex/FlashScope.build/Debug/FlashScopeCoreTests.build/DerivedSources/FlashScopeCoreTests-Swift.h /Users/faisalmahmud/Downloads/FlashScope-fixed3/.artifacts/DerivedData/Build/Intermediates.noindex/FlashScope.build/Debug/FlashScopeCoreTests.build/Objects-normal/x86_64/FlashScopeCoreTests-Swift.h (in target 'FlashScopeCoreTests' from project 'FlashScope')
    cd /Users/faisalmahmud/Downloads/FlashScope-fixed3
    builtin-swiftHeaderTool -arch x86_64 /Users/faisalmahmud/Downloads/FlashScope-fixed3/.artifacts/DerivedData/Build/Intermediates.noindex/FlashScope.build/Debug/FlashScopeCoreTests.build/Objects-normal/x86_64/FlashScopeCoreTests-Swift.h -o /Users/faisalmahmud/Downloads/FlashScope-fixed3/.artifacts/DerivedData/Build/Intermediates.noindex/FlashScope.build/Debug/FlashScopeCoreTests.build/DerivedSources/FlashScopeCoreTests-Swift.h

Copy /Users/faisalmahmud/Downloads/FlashScope-fixed3/.artifacts/DerivedData/Build/Products/Debug/FlashScopeCoreTests.swiftmodule/x86_64-apple-macos.swiftmodule /Users/faisalmahmud/Downloads/FlashScope-fixed3/.artifacts/DerivedData/Build/Intermediates.noindex/FlashScope.build/Debug/FlashScopeCoreTests.build/Objects-normal/x86_64/FlashScopeCoreTests.swiftmodule (in target 'FlashScopeCoreTests' from project 'FlashScope')
    cd /Users/faisalmahmud/Downloads/FlashScope-fixed3
    builtin-copy -exclude .DS_Store -exclude CVS -exclude .svn -exclude .git -exclude .hg -strip-unsigned-binaries -strip-deterministic -strip-tool /Applications/Xcode.app/Contents/Developer/Toolchains/XcodeDefault.xctoolchain/usr/bin/strip -resolve-src-symlinks -rename /Users/faisalmahmud/Downloads/FlashScope-fixed3/.artifacts/DerivedData/Build/Intermediates.noindex/FlashScope.build/Debug/FlashScopeCoreTests.build/Objects-normal/x86_64/FlashScopeCoreTests.swiftmodule /Users/faisalmahmud/Downloads/FlashScope-fixed3/.artifacts/DerivedData/Build/Products/Debug/FlashScopeCoreTests.swiftmodule/x86_64-apple-macos.swiftmodule

Copy /Users/faisalmahmud/Downloads/FlashScope-fixed3/.artifacts/DerivedData/Build/Products/Debug/FlashScopeCoreTests.swiftmodule/x86_64-apple-macos.swiftdoc /Users/faisalmahmud/Downloads/FlashScope-fixed3/.artifacts/DerivedData/Build/Intermediates.noindex/FlashScope.build/Debug/FlashScopeCoreTests.build/Objects-normal/x86_64/FlashScopeCoreTests.swiftdoc (in target 'FlashScopeCoreTests' from project 'FlashScope')
    cd /Users/faisalmahmud/Downloads/FlashScope-fixed3
    builtin-copy -exclude .DS_Store -exclude CVS -exclude .svn -exclude .git -exclude .hg -strip-unsigned-binaries -strip-deterministic -strip-tool /Applications/Xcode.app/Contents/Developer/Toolchains/XcodeDefault.xctoolchain/usr/bin/strip -resolve-src-symlinks -rename /Users/faisalmahmud/Downloads/FlashScope-fixed3/.artifacts/DerivedData/Build/Intermediates.noindex/FlashScope.build/Debug/FlashScopeCoreTests.build/Objects-normal/x86_64/FlashScopeCoreTests.swiftdoc /Users/faisalmahmud/Downloads/FlashScope-fixed3/.artifacts/DerivedData/Build/Products/Debug/FlashScopeCoreTests.swiftmodule/x86_64-apple-macos.swiftdoc

Copy /Users/faisalmahmud/Downloads/FlashScope-fixed3/.artifacts/DerivedData/Build/Products/Debug/FlashScopeCoreTests.swiftmodule/x86_64-apple-macos.abi.json /Users/faisalmahmud/Downloads/FlashScope-fixed3/.artifacts/DerivedData/Build/Intermediates.noindex/FlashScope.build/Debug/FlashScopeCoreTests.build/Objects-normal/x86_64/FlashScopeCoreTests.abi.json (in target 'FlashScopeCoreTests' from project 'FlashScope')
    cd /Users/faisalmahmud/Downloads/FlashScope-fixed3
    builtin-copy -exclude .DS_Store -exclude CVS -exclude .svn -exclude .git -exclude .hg -strip-unsigned-binaries -strip-deterministic -strip-tool /Applications/Xcode.app/Contents/Developer/Toolchains/XcodeDefault.xctoolchain/usr/bin/strip -resolve-src-symlinks -rename /Users/faisalmahmud/Downloads/FlashScope-fixed3/.artifacts/DerivedData/Build/Intermediates.noindex/FlashScope.build/Debug/FlashScopeCoreTests.build/Objects-normal/x86_64/FlashScopeCoreTests.abi.json /Users/faisalmahmud/Downloads/FlashScope-fixed3/.artifacts/DerivedData/Build/Products/Debug/FlashScopeCoreTests.swiftmodule/x86_64-apple-macos.abi.json

Copy /Users/faisalmahmud/Downloads/FlashScope-fixed3/.artifacts/DerivedData/Build/Products/Debug/FlashScopeCoreTests.swiftmodule/Project/x86_64-apple-macos.swiftsourceinfo /Users/faisalmahmud/Downloads/FlashScope-fixed3/.artifacts/DerivedData/Build/Intermediates.noindex/FlashScope.build/Debug/FlashScopeCoreTests.build/Objects-normal/x86_64/FlashScopeCoreTests.swiftsourceinfo (in target 'FlashScopeCoreTests' from project 'FlashScope')
    cd /Users/faisalmahmud/Downloads/FlashScope-fixed3
    builtin-copy -exclude .DS_Store -exclude CVS -exclude .svn -exclude .git -exclude .hg -strip-unsigned-binaries -strip-deterministic -strip-tool /Applications/Xcode.app/Contents/Developer/Toolchains/XcodeDefault.xctoolchain/usr/bin/strip -resolve-src-symlinks -rename /Users/faisalmahmud/Downloads/FlashScope-fixed3/.artifacts/DerivedData/Build/Intermediates.noindex/FlashScope.build/Debug/FlashScopeCoreTests.build/Objects-normal/x86_64/FlashScopeCoreTests.swiftsourceinfo /Users/faisalmahmud/Downloads/FlashScope-fixed3/.artifacts/DerivedData/Build/Products/Debug/FlashScopeCoreTests.swiftmodule/Project/x86_64-apple-macos.swiftsourceinfo

SwiftDriver FlashScopeUITests normal x86_64 com.apple.xcode.tools.swift.compiler (in target 'FlashScopeUITests' from project 'FlashScope')
    cd /Users/faisalmahmud/Downloads/FlashScope-fixed3
    builtin-SwiftDriver -- /Applications/Xcode.app/Contents/Developer/Toolchains/XcodeDefault.xctoolchain/usr/bin/swiftc -module-name FlashScopeUITests -Onone @/Users/faisalmahmud/Downloads/FlashScope-fixed3/.artifacts/DerivedData/Build/Intermediates.noindex/FlashScope.build/Debug/FlashScopeUITests.build/Objects-normal/x86_64/FlashScopeUITests.SwiftFileList -DDEBUG -module-alias Testing\=_Testing_Unavailable -plugin-path /Applications/Xcode.app/Contents/Developer/Toolchains/XcodeDefault.xctoolchain/usr/lib/swift/host/plugins/testing -enable-experimental-feature DebugDescriptionMacro -sdk /Applications/Xcode.app/Contents/Developer/Platforms/MacOSX.platform/Developer/SDKs/MacOSX26.5.sdk -target x86_64-apple-macos14.0 -g -module-cache-path /Users/faisalmahmud/Downloads/FlashScope-fixed3/.artifacts/DerivedData/ModuleCache.noindex -Xfrontend -serialize-debugging-options -enable-testing -index-store-path /Users/faisalmahmud/Downloads/FlashScope-fixed3/.artifacts/DerivedData/Index.noindex/DataStore -swift-version 6 -I /Users/faisalmahmud/Downloads/FlashScope-fixed3/.artifacts/DerivedData/Build/Products/Debug -Isystem /Applications/Xcode.app/Contents/Developer/Platforms/MacOSX.platform/Developer/usr/lib -F /Users/faisalmahmud/Downloads/FlashScope-fixed3/.artifacts/DerivedData/Build/Products/Debug -F /Applications/Xcode.app/Contents/Developer/Platforms/MacOSX.platform/Developer/Library/Frameworks -parse-as-library -c -j8 -enable-batch-mode -incremental -Xcc -ivfsstatcache -Xcc /Users/faisalmahmud/Downloads/FlashScope-fixed3/.artifacts/DerivedData/SDKStatCaches.noindex/macosx26.5-25F70-e082c4a02f00227109f4ed75e425c832.sdkstatcache -output-file-map /Users/faisalmahmud/Downloads/FlashScope-fixed3/.artifacts/DerivedData/Build/Intermediates.noindex/FlashScope.build/Debug/FlashScopeUITests.build/Objects-normal/x86_64/FlashScopeUITests-OutputFileMap.json -use-frontend-parseable-output -save-temps -no-color-diagnostics -explicit-module-build -module-cache-path /Users/faisalmahmud/Downloads/FlashScope-fixed3/.artifacts/DerivedData/Build/Intermediates.noindex/SwiftExplicitPrecompiledModules -clang-scanner-module-cache-path /Users/faisalmahmud/Downloads/FlashScope-fixed3/.artifacts/DerivedData/ModuleCache.noindex -sdk-module-cache-path /Users/faisalmahmud/Downloads/FlashScope-fixed3/.artifacts/DerivedData/ModuleCache.noindex -serialize-diagnostics -emit-dependencies -emit-module -emit-module-path /Users/faisalmahmud/Downloads/FlashScope-fixed3/.artifacts/DerivedData/Build/Intermediates.noindex/FlashScope.build/Debug/FlashScopeUITests.build/Objects-normal/x86_64/FlashScopeUITests.swiftmodule -validate-clang-modules-once -clang-build-session-file /Users/faisalmahmud/Downloads/FlashScope-fixed3/.artifacts/DerivedData/ModuleCache.noindex/Session.modulevalidation -Xcc -I/Users/faisalmahmud/Downloads/FlashScope-fixed3/.artifacts/DerivedData/Build/Intermediates.noindex/FlashScope.build/Debug/FlashScopeUITests.build/swift-overrides.hmap -emit-const-values -Xfrontend -const-gather-protocols-file -Xfrontend /Users/faisalmahmud/Downloads/FlashScope-fixed3/.artifacts/DerivedData/Build/Intermediates.noindex/FlashScope.build/Debug/FlashScopeUITests.build/Objects-normal/x86_64/FlashScopeUITests_const_extract_protocols.json -Xcc -iquote -Xcc /Users/faisalmahmud/Downloads/FlashScope-fixed3/.artifacts/DerivedData/Build/Intermediates.noindex/FlashScope.build/Debug/FlashScopeUITests.build/FlashScopeUITests-generated-files.hmap -Xcc -I/Users/faisalmahmud/Downloads/FlashScope-fixed3/.artifacts/DerivedData/Build/Intermediates.noindex/FlashScope.build/Debug/FlashScopeUITests.build/FlashScopeUITests-own-target-headers.hmap -Xcc -I/Users/faisalmahmud/Downloads/FlashScope-fixed3/.artifacts/DerivedData/Build/Intermediates.noindex/FlashScope.build/Debug/FlashScopeUITests.build/FlashScopeUITests-all-non-framework-target-headers.hmap -Xcc -ivfsoverlay -Xcc /Users/faisalmahmud/Downloads/FlashScope-fixed3/.artifacts/DerivedData/Build/Intermediates.noindex/FlashScope.build/Debug/FlashScope-35eb7d1e5bec2298583130c899748a02-VFS/all-product-headers.yaml -Xcc -iquote -Xcc /Users/faisalmahmud/Downloads/FlashScope-fixed3/.artifacts/DerivedData/Build/Intermediates.noindex/FlashScope.build/Debug/FlashScopeUITests.build/FlashScopeUITests-project-headers.hmap -Xcc -I/Users/faisalmahmud/Downloads/FlashScope-fixed3/.artifacts/DerivedData/Build/Products/Debug/include -Xcc -I/Users/faisalmahmud/Downloads/FlashScope-fixed3/.artifacts/DerivedData/Build/Intermediates.noindex/FlashScope.build/Debug/FlashScopeUITests.build/DerivedSources-normal/x86_64 -Xcc -I/Users/faisalmahmud/Downloads/FlashScope-fixed3/.artifacts/DerivedData/Build/Intermediates.noindex/FlashScope.build/Debug/FlashScopeUITests.build/DerivedSources/x86_64 -Xcc -I/Users/faisalmahmud/Downloads/FlashScope-fixed3/.artifacts/DerivedData/Build/Intermediates.noindex/FlashScope.build/Debug/FlashScopeUITests.build/DerivedSources -emit-objc-header -emit-objc-header-path /Users/faisalmahmud/Downloads/FlashScope-fixed3/.artifacts/DerivedData/Build/Intermediates.noindex/FlashScope.build/Debug/FlashScopeUITests.build/Objects-normal/x86_64/FlashScopeUITests-Swift.h -working-directory /Users/faisalmahmud/Downloads/FlashScope-fixed3 -experimental-emit-module-separately -disable-cmo

SwiftEmitModule normal x86_64 Emitting\ module\ for\ FlashScopeUITests (in target 'FlashScopeUITests' from project 'FlashScope')

SwiftCompile normal x86_64 /Users/faisalmahmud/Downloads/FlashScope-fixed3/FlashScopeUITests/FlashScopeUITests.swift (in target 'FlashScopeUITests' from project 'FlashScope')
    cd /Users/faisalmahmud/Downloads/FlashScope-fixed3
    

SwiftDriver FlashScopeIntegrationTests normal x86_64 com.apple.xcode.tools.swift.compiler (in target 'FlashScopeIntegrationTests' from project 'FlashScope')
    cd /Users/faisalmahmud/Downloads/FlashScope-fixed3
    builtin-SwiftDriver -- /Applications/Xcode.app/Contents/Developer/Toolchains/XcodeDefault.xctoolchain/usr/bin/swiftc -module-name FlashScopeIntegrationTests -Onone @/Users/faisalmahmud/Downloads/FlashScope-fixed3/.artifacts/DerivedData/Build/Intermediates.noindex/FlashScope.build/Debug/FlashScopeIntegrationTests.build/Objects-normal/x86_64/FlashScopeIntegrationTests.SwiftFileList -DDEBUG -plugin-path /Applications/Xcode.app/Contents/Developer/Toolchains/XcodeDefault.xctoolchain/usr/lib/swift/host/plugins/testing -enable-experimental-feature DebugDescriptionMacro -sdk /Applications/Xcode.app/Contents/Developer/Platforms/MacOSX.platform/Developer/SDKs/MacOSX26.5.sdk -target x86_64-apple-macos14.0 -g -module-cache-path /Users/faisalmahmud/Downloads/FlashScope-fixed3/.artifacts/DerivedData/ModuleCache.noindex -Xfrontend -serialize-debugging-options -enable-testing -index-store-path /Users/faisalmahmud/Downloads/FlashScope-fixed3/.artifacts/DerivedData/Index.noindex/DataStore -swift-version 6 -I /Users/faisalmahmud/Downloads/FlashScope-fixed3/.artifacts/DerivedData/Build/Products/Debug -Isystem /Applications/Xcode.app/Contents/Developer/Platforms/MacOSX.platform/Developer/usr/lib -F /Users/faisalmahmud/Downloads/FlashScope-fixed3/.artifacts/DerivedData/Build/Products/Debug -F /Applications/Xcode.app/Contents/Developer/Platforms/MacOSX.platform/Developer/Library/Frameworks -parse-as-library -c -j8 -enable-batch-mode -incremental -Xcc -ivfsstatcache -Xcc /Users/faisalmahmud/Downloads/FlashScope-fixed3/.artifacts/DerivedData/SDKStatCaches.noindex/macosx26.5-25F70-e082c4a02f00227109f4ed75e425c832.sdkstatcache -output-file-map /Users/faisalmahmud/Downloads/FlashScope-fixed3/.artifacts/DerivedData/Build/Intermediates.noindex/FlashScope.build/Debug/FlashScopeIntegrationTests.build/Objects-normal/x86_64/FlashScopeIntegrationTests-OutputFileMap.json -use-frontend-parseable-output -save-temps -no-color-diagnostics -explicit-module-build -module-cache-path /Users/faisalmahmud/Downloads/FlashScope-fixed3/.artifacts/DerivedData/Build/Intermediates.noindex/SwiftExplicitPrecompiledModules -clang-scanner-module-cache-path /Users/faisalmahmud/Downloads/FlashScope-fixed3/.artifacts/DerivedData/ModuleCache.noindex -sdk-module-cache-path /Users/faisalmahmud/Downloads/FlashScope-fixed3/.artifacts/DerivedData/ModuleCache.noindex -serialize-diagnostics -emit-dependencies -emit-module -emit-module-path /Users/faisalmahmud/Downloads/FlashScope-fixed3/.artifacts/DerivedData/Build/Intermediates.noindex/FlashScope.build/Debug/FlashScopeIntegrationTests.build/Objects-normal/x86_64/FlashScopeIntegrationTests.swiftmodule -validate-clang-modules-once -clang-build-session-file /Users/faisalmahmud/Downloads/FlashScope-fixed3/.artifacts/DerivedData/ModuleCache.noindex/Session.modulevalidation -Xcc -I/Users/faisalmahmud/Downloads/FlashScope-fixed3/.artifacts/DerivedData/Build/Intermediates.noindex/FlashScope.build/Debug/FlashScopeIntegrationTests.build/swift-overrides.hmap -emit-const-values -Xfrontend -const-gather-protocols-file -Xfrontend /Users/faisalmahmud/Downloads/FlashScope-fixed3/.artifacts/DerivedData/Build/Intermediates.noindex/FlashScope.build/Debug/FlashScopeIntegrationTests.build/Objects-normal/x86_64/FlashScopeIntegrationTests_const_extract_protocols.json -Xcc -iquote -Xcc /Users/faisalmahmud/Downloads/FlashScope-fixed3/.artifacts/DerivedData/Build/Intermediates.noindex/FlashScope.build/Debug/FlashScopeIntegrationTests.build/FlashScopeIntegrationTests-generated-files.hmap -Xcc -I/Users/faisalmahmud/Downloads/FlashScope-fixed3/.artifacts/DerivedData/Build/Intermediates.noindex/FlashScope.build/Debug/FlashScopeIntegrationTests.build/FlashScopeIntegrationTests-own-target-headers.hmap -Xcc -I/Users/faisalmahmud/Downloads/FlashScope-fixed3/.artifacts/DerivedData/Build/Intermediates.noindex/FlashScope.build/Debug/FlashScopeIntegrationTests.build/FlashScopeIntegrationTests-all-non-framework-target-headers.hmap -Xcc -ivfsoverlay -Xcc /Users/faisalmahmud/Downloads/FlashScope-fixed3/.artifacts/DerivedData/Build/Intermediates.noindex/FlashScope.build/Debug/FlashScope-35eb7d1e5bec2298583130c899748a02-VFS/all-product-headers.yaml -Xcc -iquote -Xcc /Users/faisalmahmud/Downloads/FlashScope-fixed3/.artifacts/DerivedData/Build/Intermediates.noindex/FlashScope.build/Debug/FlashScopeIntegrationTests.build/FlashScopeIntegrationTests-project-headers.hmap -Xcc -I/Users/faisalmahmud/Downloads/FlashScope-fixed3/.artifacts/DerivedData/Build/Products/Debug/include -Xcc -I/Users/faisalmahmud/Downloads/FlashScope-fixed3/.artifacts/DerivedData/Build/Intermediates.noindex/FlashScope.build/Debug/FlashScopeIntegrationTests.build/DerivedSources-normal/x86_64 -Xcc -I/Users/faisalmahmud/Downloads/FlashScope-fixed3/.artifacts/DerivedData/Build/Intermediates.noindex/FlashScope.build/Debug/FlashScopeIntegrationTests.build/DerivedSources/x86_64 -Xcc -I/Users/faisalmahmud/Downloads/FlashScope-fixed3/.artifacts/DerivedData/Build/Intermediates.noindex/FlashScope.build/Debug/FlashScopeIntegrationTests.build/DerivedSources -emit-objc-header -emit-objc-header-path /Users/faisalmahmud/Downloads/FlashScope-fixed3/.artifacts/DerivedData/Build/Intermediates.noindex/FlashScope.build/Debug/FlashScopeIntegrationTests.build/Objects-normal/x86_64/FlashScopeIntegrationTests-Swift.h -working-directory /Users/faisalmahmud/Downloads/FlashScope-fixed3 -experimental-emit-module-separately -disable-cmo

SwiftDriverJobDiscovery normal x86_64 Emitting module for FlashScopeUITests (in target 'FlashScopeUITests' from project 'FlashScope')

SwiftDriver\ Compilation\ Requirements FlashScopeUITests normal x86_64 com.apple.xcode.tools.swift.compiler (in target 'FlashScopeUITests' from project 'FlashScope')
    cd /Users/faisalmahmud/Downloads/FlashScope-fixed3
    builtin-Swift-Compilation-Requirements -- /Applications/Xcode.app/Contents/Developer/Toolchains/XcodeDefault.xctoolchain/usr/bin/swiftc -module-name FlashScopeUITests -Onone @/Users/faisalmahmud/Downloads/FlashScope-fixed3/.artifacts/DerivedData/Build/Intermediates.noindex/FlashScope.build/Debug/FlashScopeUITests.build/Objects-normal/x86_64/FlashScopeUITests.SwiftFileList -DDEBUG -module-alias Testing\=_Testing_Unavailable -plugin-path /Applications/Xcode.app/Contents/Developer/Toolchains/XcodeDefault.xctoolchain/usr/lib/swift/host/plugins/testing -enable-experimental-feature DebugDescriptionMacro -sdk /Applications/Xcode.app/Contents/Developer/Platforms/MacOSX.platform/Developer/SDKs/MacOSX26.5.sdk -target x86_64-apple-macos14.0 -g -module-cache-path /Users/faisalmahmud/Downloads/FlashScope-fixed3/.artifacts/DerivedData/ModuleCache.noindex -Xfrontend -serialize-debugging-options -enable-testing -index-store-path /Users/faisalmahmud/Downloads/FlashScope-fixed3/.artifacts/DerivedData/Index.noindex/DataStore -swift-version 6 -I /Users/faisalmahmud/Downloads/FlashScope-fixed3/.artifacts/DerivedData/Build/Products/Debug -Isystem /Applications/Xcode.app/Contents/Developer/Platforms/MacOSX.platform/Developer/usr/lib -F /Users/faisalmahmud/Downloads/FlashScope-fixed3/.artifacts/DerivedData/Build/Products/Debug -F /Applications/Xcode.app/Contents/Developer/Platforms/MacOSX.platform/Developer/Library/Frameworks -parse-as-library -c -j8 -enable-batch-mode -incremental -Xcc -ivfsstatcache -Xcc /Users/faisalmahmud/Downloads/FlashScope-fixed3/.artifacts/DerivedData/SDKStatCaches.noindex/macosx26.5-25F70-e082c4a02f00227109f4ed75e425c832.sdkstatcache -output-file-map /Users/faisalmahmud/Downloads/FlashScope-fixed3/.artifacts/DerivedData/Build/Intermediates.noindex/FlashScope.build/Debug/FlashScopeUITests.build/Objects-normal/x86_64/FlashScopeUITests-OutputFileMap.json -use-frontend-parseable-output -save-temps -no-color-diagnostics -explicit-module-build -module-cache-path /Users/faisalmahmud/Downloads/FlashScope-fixed3/.artifacts/DerivedData/Build/Intermediates.noindex/SwiftExplicitPrecompiledModules -clang-scanner-module-cache-path /Users/faisalmahmud/Downloads/FlashScope-fixed3/.artifacts/DerivedData/ModuleCache.noindex -sdk-module-cache-path /Users/faisalmahmud/Downloads/FlashScope-fixed3/.artifacts/DerivedData/ModuleCache.noindex -serialize-diagnostics -emit-dependencies -emit-module -emit-module-path /Users/faisalmahmud/Downloads/FlashScope-fixed3/.artifacts/DerivedData/Build/Intermediates.noindex/FlashScope.build/Debug/FlashScopeUITests.build/Objects-normal/x86_64/FlashScopeUITests.swiftmodule -validate-clang-modules-once -clang-build-session-file /Users/faisalmahmud/Downloads/FlashScope-fixed3/.artifacts/DerivedData/ModuleCache.noindex/Session.modulevalidation -Xcc -I/Users/faisalmahmud/Downloads/FlashScope-fixed3/.artifacts/DerivedData/Build/Intermediates.noindex/FlashScope.build/Debug/FlashScopeUITests.build/swift-overrides.hmap -emit-const-values -Xfrontend -const-gather-protocols-file -Xfrontend /Users/faisalmahmud/Downloads/FlashScope-fixed3/.artifacts/DerivedData/Build/Intermediates.noindex/FlashScope.build/Debug/FlashScopeUITests.build/Objects-normal/x86_64/FlashScopeUITests_const_extract_protocols.json -Xcc -iquote -Xcc /Users/faisalmahmud/Downloads/FlashScope-fixed3/.artifacts/DerivedData/Build/Intermediates.noindex/FlashScope.build/Debug/FlashScopeUITests.build/FlashScopeUITests-generated-files.hmap -Xcc -I/Users/faisalmahmud/Downloads/FlashScope-fixed3/.artifacts/DerivedData/Build/Intermediates.noindex/FlashScope.build/Debug/FlashScopeUITests.build/FlashScopeUITests-own-target-headers.hmap -Xcc -I/Users/faisalmahmud/Downloads/FlashScope-fixed3/.artifacts/DerivedData/Build/Intermediates.noindex/FlashScope.build/Debug/FlashScopeUITests.build/FlashScopeUITests-all-non-framework-target-headers.hmap -Xcc -ivfsoverlay -Xcc /Users/faisalmahmud/Downloads/FlashScope-fixed3/.artifacts/DerivedData/Build/Intermediates.noindex/FlashScope.build/Debug/FlashScope-35eb7d1e5bec2298583130c899748a02-VFS/all-product-headers.yaml -Xcc -iquote -Xcc /Users/faisalmahmud/Downloads/FlashScope-fixed3/.artifacts/DerivedData/Build/Intermediates.noindex/FlashScope.build/Debug/FlashScopeUITests.build/FlashScopeUITests-project-headers.hmap -Xcc -I/Users/faisalmahmud/Downloads/FlashScope-fixed3/.artifacts/DerivedData/Build/Products/Debug/include -Xcc -I/Users/faisalmahmud/Downloads/FlashScope-fixed3/.artifacts/DerivedData/Build/Intermediates.noindex/FlashScope.build/Debug/FlashScopeUITests.build/DerivedSources-normal/x86_64 -Xcc -I/Users/faisalmahmud/Downloads/FlashScope-fixed3/.artifacts/DerivedData/Build/Intermediates.noindex/FlashScope.build/Debug/FlashScopeUITests.build/DerivedSources/x86_64 -Xcc -I/Users/faisalmahmud/Downloads/FlashScope-fixed3/.artifacts/DerivedData/Build/Intermediates.noindex/FlashScope.build/Debug/FlashScopeUITests.build/DerivedSources -emit-objc-header -emit-objc-header-path /Users/faisalmahmud/Downloads/FlashScope-fixed3/.artifacts/DerivedData/Build/Intermediates.noindex/FlashScope.build/Debug/FlashScopeUITests.build/Objects-normal/x86_64/FlashScopeUITests-Swift.h -working-directory /Users/faisalmahmud/Downloads/FlashScope-fixed3 -experimental-emit-module-separately -disable-cmo

SwiftDriverJobDiscovery normal x86_64 Compiling FlashScopeCoreTests.swift (in target 'FlashScopeCoreTests' from project 'FlashScope')

SwiftCompile normal x86_64 Compiling\ FlashScopeUITests.swift /Users/faisalmahmud/Downloads/FlashScope-fixed3/FlashScopeUITests/FlashScopeUITests.swift (in target 'FlashScopeUITests' from project 'FlashScope')

SwiftCompile normal x86_64 /Users/faisalmahmud/Downloads/FlashScope-fixed3/FlashScopeUITests/FlashScopeUITests.swift (in target 'FlashScopeUITests' from project 'FlashScope')
    cd /Users/faisalmahmud/Downloads/FlashScope-fixed3
    

SwiftDriverJobDiscovery normal x86_64 Compiling ReportExportController.swift, AppPreferences.swift, SettingsView.swift, SidebarView.swift (in target 'FlashScope' from project 'FlashScope')

SwiftMergeGeneratedHeaders /Users/faisalmahmud/Downloads/FlashScope-fixed3/.artifacts/DerivedData/Build/Intermediates.noindex/FlashScope.build/Debug/FlashScopeUITests.build/DerivedSources/FlashScopeUITests-Swift.h /Users/faisalmahmud/Downloads/FlashScope-fixed3/.artifacts/DerivedData/Build/Intermediates.noindex/FlashScope.build/Debug/FlashScopeUITests.build/Objects-normal/x86_64/FlashScopeUITests-Swift.h (in target 'FlashScopeUITests' from project 'FlashScope')
    cd /Users/faisalmahmud/Downloads/FlashScope-fixed3
    builtin-swiftHeaderTool -arch x86_64 /Users/faisalmahmud/Downloads/FlashScope-fixed3/.artifacts/DerivedData/Build/Intermediates.noindex/FlashScope.build/Debug/FlashScopeUITests.build/Objects-normal/x86_64/FlashScopeUITests-Swift.h -o /Users/faisalmahmud/Downloads/FlashScope-fixed3/.artifacts/DerivedData/Build/Intermediates.noindex/FlashScope.build/Debug/FlashScopeUITests.build/DerivedSources/FlashScopeUITests-Swift.h

Copy /Users/faisalmahmud/Downloads/FlashScope-fixed3/.artifacts/DerivedData/Build/Products/Debug/FlashScopeUITests.swiftmodule/x86_64-apple-macos.swiftmodule /Users/faisalmahmud/Downloads/FlashScope-fixed3/.artifacts/DerivedData/Build/Intermediates.noindex/FlashScope.build/Debug/FlashScopeUITests.build/Objects-normal/x86_64/FlashScopeUITests.swiftmodule (in target 'FlashScopeUITests' from project 'FlashScope')
    cd /Users/faisalmahmud/Downloads/FlashScope-fixed3
    builtin-copy -exclude .DS_Store -exclude CVS -exclude .svn -exclude .git -exclude .hg -strip-unsigned-binaries -strip-deterministic -strip-tool /Applications/Xcode.app/Contents/Developer/Toolchains/XcodeDefault.xctoolchain/usr/bin/strip -resolve-src-symlinks -rename /Users/faisalmahmud/Downloads/FlashScope-fixed3/.artifacts/DerivedData/Build/Intermediates.noindex/FlashScope.build/Debug/FlashScopeUITests.build/Objects-normal/x86_64/FlashScopeUITests.swiftmodule /Users/faisalmahmud/Downloads/FlashScope-fixed3/.artifacts/DerivedData/Build/Products/Debug/FlashScopeUITests.swiftmodule/x86_64-apple-macos.swiftmodule

Copy /Users/faisalmahmud/Downloads/FlashScope-fixed3/.artifacts/DerivedData/Build/Products/Debug/FlashScopeUITests.swiftmodule/x86_64-apple-macos.swiftdoc /Users/faisalmahmud/Downloads/FlashScope-fixed3/.artifacts/DerivedData/Build/Intermediates.noindex/FlashScope.build/Debug/FlashScopeUITests.build/Objects-normal/x86_64/FlashScopeUITests.swiftdoc (in target 'FlashScopeUITests' from project 'FlashScope')
    cd /Users/faisalmahmud/Downloads/FlashScope-fixed3
    builtin-copy -exclude .DS_Store -exclude CVS -exclude .svn -exclude .git -exclude .hg -strip-unsigned-binaries -strip-deterministic -strip-tool /Applications/Xcode.app/Contents/Developer/Toolchains/XcodeDefault.xctoolchain/usr/bin/strip -resolve-src-symlinks -rename /Users/faisalmahmud/Downloads/FlashScope-fixed3/.artifacts/DerivedData/Build/Intermediates.noindex/FlashScope.build/Debug/FlashScopeUITests.build/Objects-normal/x86_64/FlashScopeUITests.swiftdoc /Users/faisalmahmud/Downloads/FlashScope-fixed3/.artifacts/DerivedData/Build/Products/Debug/FlashScopeUITests.swiftmodule/x86_64-apple-macos.swiftdoc

Copy /Users/faisalmahmud/Downloads/FlashScope-fixed3/.artifacts/DerivedData/Build/Products/Debug/FlashScopeUITests.swiftmodule/x86_64-apple-macos.abi.json /Users/faisalmahmud/Downloads/FlashScope-fixed3/.artifacts/DerivedData/Build/Intermediates.noindex/FlashScope.build/Debug/FlashScopeUITests.build/Objects-normal/x86_64/FlashScopeUITests.abi.json (in target 'FlashScopeUITests' from project 'FlashScope')
    cd /Users/faisalmahmud/Downloads/FlashScope-fixed3
    builtin-copy -exclude .DS_Store -exclude CVS -exclude .svn -exclude .git -exclude .hg -strip-unsigned-binaries -strip-deterministic -strip-tool /Applications/Xcode.app/Contents/Developer/Toolchains/XcodeDefault.xctoolchain/usr/bin/strip -resolve-src-symlinks -rename /Users/faisalmahmud/Downloads/FlashScope-fixed3/.artifacts/DerivedData/Build/Intermediates.noindex/FlashScope.build/Debug/FlashScopeUITests.build/Objects-normal/x86_64/FlashScopeUITests.abi.json /Users/faisalmahmud/Downloads/FlashScope-fixed3/.artifacts/DerivedData/Build/Products/Debug/FlashScopeUITests.swiftmodule/x86_64-apple-macos.abi.json

Copy /Users/faisalmahmud/Downloads/FlashScope-fixed3/.artifacts/DerivedData/Build/Products/Debug/FlashScopeUITests.swiftmodule/Project/x86_64-apple-macos.swiftsourceinfo /Users/faisalmahmud/Downloads/FlashScope-fixed3/.artifacts/DerivedData/Build/Intermediates.noindex/FlashScope.build/Debug/FlashScopeUITests.build/Objects-normal/x86_64/FlashScopeUITests.swiftsourceinfo (in target 'FlashScopeUITests' from project 'FlashScope')
    cd /Users/faisalmahmud/Downloads/FlashScope-fixed3
    builtin-copy -exclude .DS_Store -exclude CVS -exclude .svn -exclude .git -exclude .hg -strip-unsigned-binaries -strip-deterministic -strip-tool /Applications/Xcode.app/Contents/Developer/Toolchains/XcodeDefault.xctoolchain/usr/bin/strip -resolve-src-symlinks -rename /Users/faisalmahmud/Downloads/FlashScope-fixed3/.artifacts/DerivedData/Build/Intermediates.noindex/FlashScope.build/Debug/FlashScopeUITests.build/Objects-normal/x86_64/FlashScopeUITests.swiftsourceinfo /Users/faisalmahmud/Downloads/FlashScope-fixed3/.artifacts/DerivedData/Build/Products/Debug/FlashScopeUITests.swiftmodule/Project/x86_64-apple-macos.swiftsourceinfo

SwiftDriver\ Compilation FlashScopeCoreTests normal x86_64 com.apple.xcode.tools.swift.compiler (in target 'FlashScopeCoreTests' from project 'FlashScope')
    cd /Users/faisalmahmud/Downloads/FlashScope-fixed3
    builtin-Swift-Compilation -- /Applications/Xcode.app/Contents/Developer/Toolchains/XcodeDefault.xctoolchain/usr/bin/swiftc -module-name FlashScopeCoreTests -Onone @/Users/faisalmahmud/Downloads/FlashScope-fixed3/.artifacts/DerivedData/Build/Intermediates.noindex/FlashScope.build/Debug/FlashScopeCoreTests.build/Objects-normal/x86_64/FlashScopeCoreTests.SwiftFileList -DDEBUG -plugin-path /Applications/Xcode.app/Contents/Developer/Toolchains/XcodeDefault.xctoolchain/usr/lib/swift/host/plugins/testing -enable-experimental-feature DebugDescriptionMacro -sdk /Applications/Xcode.app/Contents/Developer/Platforms/MacOSX.platform/Developer/SDKs/MacOSX26.5.sdk -target x86_64-apple-macos14.0 -g -module-cache-path /Users/faisalmahmud/Downloads/FlashScope-fixed3/.artifacts/DerivedData/ModuleCache.noindex -Xfrontend -serialize-debugging-options -enable-testing -index-store-path /Users/faisalmahmud/Downloads/FlashScope-fixed3/.artifacts/DerivedData/Index.noindex/DataStore -swift-version 6 -I /Users/faisalmahmud/Downloads/FlashScope-fixed3/.artifacts/DerivedData/Build/Products/Debug -Isystem /Applications/Xcode.app/Contents/Developer/Platforms/MacOSX.platform/Developer/usr/lib -F /Users/faisalmahmud/Downloads/FlashScope-fixed3/.artifacts/DerivedData/Build/Products/Debug -F /Applications/Xcode.app/Contents/Developer/Platforms/MacOSX.platform/Developer/Library/Frameworks -parse-as-library -c -j8 -enable-batch-mode -incremental -Xcc -ivfsstatcache -Xcc /Users/faisalmahmud/Downloads/FlashScope-fixed3/.artifacts/DerivedData/SDKStatCaches.noindex/macosx26.5-25F70-e082c4a02f00227109f4ed75e425c832.sdkstatcache -output-file-map /Users/faisalmahmud/Downloads/FlashScope-fixed3/.artifacts/DerivedData/Build/Intermediates.noindex/FlashScope.build/Debug/FlashScopeCoreTests.build/Objects-normal/x86_64/FlashScopeCoreTests-OutputFileMap.json -use-frontend-parseable-output -save-temps -no-color-diagnostics -explicit-module-build -module-cache-path /Users/faisalmahmud/Downloads/FlashScope-fixed3/.artifacts/DerivedData/Build/Intermediates.noindex/SwiftExplicitPrecompiledModules -clang-scanner-module-cache-path /Users/faisalmahmud/Downloads/FlashScope-fixed3/.artifacts/DerivedData/ModuleCache.noindex -sdk-module-cache-path /Users/faisalmahmud/Downloads/FlashScope-fixed3/.artifacts/DerivedData/ModuleCache.noindex -serialize-diagnostics -emit-dependencies -emit-module -emit-module-path /Users/faisalmahmud/Downloads/FlashScope-fixed3/.artifacts/DerivedData/Build/Intermediates.noindex/FlashScope.build/Debug/FlashScopeCoreTests.build/Objects-normal/x86_64/FlashScopeCoreTests.swiftmodule -validate-clang-modules-once -clang-build-session-file /Users/faisalmahmud/Downloads/FlashScope-fixed3/.artifacts/DerivedData/ModuleCache.noindex/Session.modulevalidation -Xcc -I/Users/faisalmahmud/Downloads/FlashScope-fixed3/.artifacts/DerivedData/Build/Intermediates.noindex/FlashScope.build/Debug/FlashScopeCoreTests.build/swift-overrides.hmap -emit-const-values -Xfrontend -const-gather-protocols-file -Xfrontend /Users/faisalmahmud/Downloads/FlashScope-fixed3/.artifacts/DerivedData/Build/Intermediates.noindex/FlashScope.build/Debug/FlashScopeCoreTests.build/Objects-normal/x86_64/FlashScopeCoreTests_const_extract_protocols.json -Xcc -iquote -Xcc /Users/faisalmahmud/Downloads/FlashScope-fixed3/.artifacts/DerivedData/Build/Intermediates.noindex/FlashScope.build/Debug/FlashScopeCoreTests.build/FlashScopeCoreTests-generated-files.hmap -Xcc -I/Users/faisalmahmud/Downloads/FlashScope-fixed3/.artifacts/DerivedData/Build/Intermediates.noindex/FlashScope.build/Debug/FlashScopeCoreTests.build/FlashScopeCoreTests-own-target-headers.hmap -Xcc -I/Users/faisalmahmud/Downloads/FlashScope-fixed3/.artifacts/DerivedData/Build/Intermediates.noindex/FlashScope.build/Debug/FlashScopeCoreTests.build/FlashScopeCoreTests-all-non-framework-target-headers.hmap -Xcc -ivfsoverlay -Xcc /Users/faisalmahmud/Downloads/FlashScope-fixed3/.artifacts/DerivedData/Build/Intermediates.noindex/FlashScope.build/Debug/FlashScope-35eb7d1e5bec2298583130c899748a02-VFS/all-product-headers.yaml -Xcc -iquote -Xcc /Users/faisalmahmud/Downloads/FlashScope-fixed3/.artifacts/DerivedData/Build/Intermediates.noindex/FlashScope.build/Debug/FlashScopeCoreTests.build/FlashScopeCoreTests-project-headers.hmap -Xcc -I/Users/faisalmahmud/Downloads/FlashScope-fixed3/.artifacts/DerivedData/Build/Products/Debug/include -Xcc -I/Users/faisalmahmud/Downloads/FlashScope-fixed3/.artifacts/DerivedData/Build/Intermediates.noindex/FlashScope.build/Debug/FlashScopeCoreTests.build/DerivedSources-normal/x86_64 -Xcc -I/Users/faisalmahmud/Downloads/FlashScope-fixed3/.artifacts/DerivedData/Build/Intermediates.noindex/FlashScope.build/Debug/FlashScopeCoreTests.build/DerivedSources/x86_64 -Xcc -I/Users/faisalmahmud/Downloads/FlashScope-fixed3/.artifacts/DerivedData/Build/Intermediates.noindex/FlashScope.build/Debug/FlashScopeCoreTests.build/DerivedSources -emit-objc-header -emit-objc-header-path /Users/faisalmahmud/Downloads/FlashScope-fixed3/.artifacts/DerivedData/Build/Intermediates.noindex/FlashScope.build/Debug/FlashScopeCoreTests.build/Objects-normal/x86_64/FlashScopeCoreTests-Swift.h -working-directory /Users/faisalmahmud/Downloads/FlashScope-fixed3 -experimental-emit-module-separately -disable-cmo

SwiftEmitModule normal x86_64 Emitting\ module\ for\ FlashScopeIntegrationTests (in target 'FlashScopeIntegrationTests' from project 'FlashScope')

SwiftCompile normal x86_64 /Users/faisalmahmud/Downloads/FlashScope-fixed3/FlashScopeIntegrationTests/FlashScopeIntegrationTests.swift (in target 'FlashScopeIntegrationTests' from project 'FlashScope')
    cd /Users/faisalmahmud/Downloads/FlashScope-fixed3
    

Ld /Users/faisalmahmud/Downloads/FlashScope-fixed3/.artifacts/DerivedData/Build/Products/Debug/FlashScopeCoreTests.xctest/Contents/MacOS/FlashScopeCoreTests normal (in target 'FlashScopeCoreTests' from project 'FlashScope')
    cd /Users/faisalmahmud/Downloads/FlashScope-fixed3
    /Applications/Xcode.app/Contents/Developer/Toolchains/XcodeDefault.xctoolchain/usr/bin/clang -Xlinker -reproducible -target x86_64-apple-macos14.0 -bundle -isysroot /Applications/Xcode.app/Contents/Developer/Platforms/MacOSX.platform/Developer/SDKs/MacOSX26.5.sdk -Os -L/Users/faisalmahmud/Downloads/FlashScope-fixed3/.artifacts/DerivedData/Build/Intermediates.noindex/EagerLinkingTBDs/Debug -L/Users/faisalmahmud/Downloads/FlashScope-fixed3/.artifacts/DerivedData/Build/Products/Debug -L/Applications/Xcode.app/Contents/Developer/Platforms/MacOSX.platform/Developer/usr/lib -F/Users/faisalmahmud/Downloads/FlashScope-fixed3/.artifacts/DerivedData/Build/Intermediates.noindex/EagerLinkingTBDs/Debug -F/Users/faisalmahmud/Downloads/FlashScope-fixed3/.artifacts/DerivedData/Build/Products/Debug -iframework /Applications/Xcode.app/Contents/Developer/Platforms/MacOSX.platform/Developer/Library/Frameworks -filelist /Users/faisalmahmud/Downloads/FlashScope-fixed3/.artifacts/DerivedData/Build/Intermediates.noindex/FlashScope.build/Debug/FlashScopeCoreTests.build/Objects-normal/x86_64/FlashScopeCoreTests.LinkFileList -Xlinker -rpath -Xlinker /usr/lib/swift -Xlinker -rpath -Xlinker @loader_path/../Frameworks -Xlinker -object_path_lto -Xlinker /Users/faisalmahmud/Downloads/FlashScope-fixed3/.artifacts/DerivedData/Build/Intermediates.noindex/FlashScope.build/Debug/FlashScopeCoreTests.build/Objects-normal/x86_64/FlashScopeCoreTests_lto.o -rdynamic -Xlinker -dependency_info -Xlinker /Users/faisalmahmud/Downloads/FlashScope-fixed3/.artifacts/DerivedData/Build/Intermediates.noindex/FlashScope.build/Debug/FlashScopeCoreTests.build/Objects-normal/x86_64/FlashScopeCoreTests_dependency_info.dat -fobjc-link-runtime -L/Applications/Xcode.app/Contents/Developer/Toolchains/XcodeDefault.xctoolchain/usr/lib/swift/macosx -L/usr/lib/swift -Xlinker -add_ast_path -Xlinker /Users/faisalmahmud/Downloads/FlashScope-fixed3/.artifacts/DerivedData/Build/Intermediates.noindex/FlashScope.build/Debug/FlashScopeCoreTests.build/Objects-normal/x86_64/FlashScopeCoreTests.swiftmodule @/Users/faisalmahmud/Downloads/FlashScope-fixed3/.artifacts/DerivedData/Build/Intermediates.noindex/FlashScope.build/Debug/FlashScopeCoreTests.build/Objects-normal/x86_64/FlashScopeCoreTests-linker-args.resp -Xlinker -needed_framework -Xlinker XCTest -framework XCTest -Xlinker -needed-lXCTestSwiftSupport -lXCTestSwiftSupport -framework FlashScopeCore -o /Users/faisalmahmud/Downloads/FlashScope-fixed3/.artifacts/DerivedData/Build/Products/Debug/FlashScopeCoreTests.xctest/Contents/MacOS/FlashScopeCoreTests

SwiftDriverJobDiscovery normal x86_64 Compiling DiagnosticCard.swift, HealthStatusBadge.swift, ConnectionCard.swift, DashboardView.swift (in target 'FlashScope' from project 'FlashScope')

SwiftCompile normal x86_64 Compiling\ FlashScopeIntegrationTests.swift /Users/faisalmahmud/Downloads/FlashScope-fixed3/FlashScopeIntegrationTests/FlashScopeIntegrationTests.swift (in target 'FlashScopeIntegrationTests' from project 'FlashScope')

SwiftCompile normal x86_64 /Users/faisalmahmud/Downloads/FlashScope-fixed3/FlashScopeIntegrationTests/FlashScopeIntegrationTests.swift (in target 'FlashScopeIntegrationTests' from project 'FlashScope')
    cd /Users/faisalmahmud/Downloads/FlashScope-fixed3
    

SwiftDriverJobDiscovery normal x86_64 Compiling FilesystemCard.swift, FindingsCard.swift, HistoryCard.swift, OverviewCard.swift (in target 'FlashScope' from project 'FlashScope')

SwiftDriverJobDiscovery normal x86_64 Emitting module for FlashScopeIntegrationTests (in target 'FlashScopeIntegrationTests' from project 'FlashScope')

SwiftDriver\ Compilation\ Requirements FlashScopeIntegrationTests normal x86_64 com.apple.xcode.tools.swift.compiler (in target 'FlashScopeIntegrationTests' from project 'FlashScope')
    cd /Users/faisalmahmud/Downloads/FlashScope-fixed3
    builtin-Swift-Compilation-Requirements -- /Applications/Xcode.app/Contents/Developer/Toolchains/XcodeDefault.xctoolchain/usr/bin/swiftc -module-name FlashScopeIntegrationTests -Onone @/Users/faisalmahmud/Downloads/FlashScope-fixed3/.artifacts/DerivedData/Build/Intermediates.noindex/FlashScope.build/Debug/FlashScopeIntegrationTests.build/Objects-normal/x86_64/FlashScopeIntegrationTests.SwiftFileList -DDEBUG -plugin-path /Applications/Xcode.app/Contents/Developer/Toolchains/XcodeDefault.xctoolchain/usr/lib/swift/host/plugins/testing -enable-experimental-feature DebugDescriptionMacro -sdk /Applications/Xcode.app/Contents/Developer/Platforms/MacOSX.platform/Developer/SDKs/MacOSX26.5.sdk -target x86_64-apple-macos14.0 -g -module-cache-path /Users/faisalmahmud/Downloads/FlashScope-fixed3/.artifacts/DerivedData/ModuleCache.noindex -Xfrontend -serialize-debugging-options -enable-testing -index-store-path /Users/faisalmahmud/Downloads/FlashScope-fixed3/.artifacts/DerivedData/Index.noindex/DataStore -swift-version 6 -I /Users/faisalmahmud/Downloads/FlashScope-fixed3/.artifacts/DerivedData/Build/Products/Debug -Isystem /Applications/Xcode.app/Contents/Developer/Platforms/MacOSX.platform/Developer/usr/lib -F /Users/faisalmahmud/Downloads/FlashScope-fixed3/.artifacts/DerivedData/Build/Products/Debug -F /Applications/Xcode.app/Contents/Developer/Platforms/MacOSX.platform/Developer/Library/Frameworks -parse-as-library -c -j8 -enable-batch-mode -incremental -Xcc -ivfsstatcache -Xcc /Users/faisalmahmud/Downloads/FlashScope-fixed3/.artifacts/DerivedData/SDKStatCaches.noindex/macosx26.5-25F70-e082c4a02f00227109f4ed75e425c832.sdkstatcache -output-file-map /Users/faisalmahmud/Downloads/FlashScope-fixed3/.artifacts/DerivedData/Build/Intermediates.noindex/FlashScope.build/Debug/FlashScopeIntegrationTests.build/Objects-normal/x86_64/FlashScopeIntegrationTests-OutputFileMap.json -use-frontend-parseable-output -save-temps -no-color-diagnostics -explicit-module-build -module-cache-path /Users/faisalmahmud/Downloads/FlashScope-fixed3/.artifacts/DerivedData/Build/Intermediates.noindex/SwiftExplicitPrecompiledModules -clang-scanner-module-cache-path /Users/faisalmahmud/Downloads/FlashScope-fixed3/.artifacts/DerivedData/ModuleCache.noindex -sdk-module-cache-path /Users/faisalmahmud/Downloads/FlashScope-fixed3/.artifacts/DerivedData/ModuleCache.noindex -serialize-diagnostics -emit-dependencies -emit-module -emit-module-path /Users/faisalmahmud/Downloads/FlashScope-fixed3/.artifacts/DerivedData/Build/Intermediates.noindex/FlashScope.build/Debug/FlashScopeIntegrationTests.build/Objects-normal/x86_64/FlashScopeIntegrationTests.swiftmodule -validate-clang-modules-once -clang-build-session-file /Users/faisalmahmud/Downloads/FlashScope-fixed3/.artifacts/DerivedData/ModuleCache.noindex/Session.modulevalidation -Xcc -I/Users/faisalmahmud/Downloads/FlashScope-fixed3/.artifacts/DerivedData/Build/Intermediates.noindex/FlashScope.build/Debug/FlashScopeIntegrationTests.build/swift-overrides.hmap -emit-const-values -Xfrontend -const-gather-protocols-file -Xfrontend /Users/faisalmahmud/Downloads/FlashScope-fixed3/.artifacts/DerivedData/Build/Intermediates.noindex/FlashScope.build/Debug/FlashScopeIntegrationTests.build/Objects-normal/x86_64/FlashScopeIntegrationTests_const_extract_protocols.json -Xcc -iquote -Xcc /Users/faisalmahmud/Downloads/FlashScope-fixed3/.artifacts/DerivedData/Build/Intermediates.noindex/FlashScope.build/Debug/FlashScopeIntegrationTests.build/FlashScopeIntegrationTests-generated-files.hmap -Xcc -I/Users/faisalmahmud/Downloads/FlashScope-fixed3/.artifacts/DerivedData/Build/Intermediates.noindex/FlashScope.build/Debug/FlashScopeIntegrationTests.build/FlashScopeIntegrationTests-own-target-headers.hmap -Xcc -I/Users/faisalmahmud/Downloads/FlashScope-fixed3/.artifacts/DerivedData/Build/Intermediates.noindex/FlashScope.build/Debug/FlashScopeIntegrationTests.build/FlashScopeIntegrationTests-all-non-framework-target-headers.hmap -Xcc -ivfsoverlay -Xcc /Users/faisalmahmud/Downloads/FlashScope-fixed3/.artifacts/DerivedData/Build/Intermediates.noindex/FlashScope.build/Debug/FlashScope-35eb7d1e5bec2298583130c899748a02-VFS/all-product-headers.yaml -Xcc -iquote -Xcc /Users/faisalmahmud/Downloads/FlashScope-fixed3/.artifacts/DerivedData/Build/Intermediates.noindex/FlashScope.build/Debug/FlashScopeIntegrationTests.build/FlashScopeIntegrationTests-project-headers.hmap -Xcc -I/Users/faisalmahmud/Downloads/FlashScope-fixed3/.artifacts/DerivedData/Build/Products/Debug/include -Xcc -I/Users/faisalmahmud/Downloads/FlashScope-fixed3/.artifacts/DerivedData/Build/Intermediates.noindex/FlashScope.build/Debug/FlashScopeIntegrationTests.build/DerivedSources-normal/x86_64 -Xcc -I/Users/faisalmahmud/Downloads/FlashScope-fixed3/.artifacts/DerivedData/Build/Intermediates.noindex/FlashScope.build/Debug/FlashScopeIntegrationTests.build/DerivedSources/x86_64 -Xcc -I/Users/faisalmahmud/Downloads/FlashScope-fixed3/.artifacts/DerivedData/Build/Intermediates.noindex/FlashScope.build/Debug/FlashScopeIntegrationTests.build/DerivedSources -emit-objc-header -emit-objc-header-path /Users/faisalmahmud/Downloads/FlashScope-fixed3/.artifacts/DerivedData/Build/Intermediates.noindex/FlashScope.build/Debug/FlashScopeIntegrationTests.build/Objects-normal/x86_64/FlashScopeIntegrationTests-Swift.h -working-directory /Users/faisalmahmud/Downloads/FlashScope-fixed3 -experimental-emit-module-separately -disable-cmo

SwiftMergeGeneratedHeaders /Users/faisalmahmud/Downloads/FlashScope-fixed3/.artifacts/DerivedData/Build/Intermediates.noindex/FlashScope.build/Debug/FlashScopeIntegrationTests.build/DerivedSources/FlashScopeIntegrationTests-Swift.h /Users/faisalmahmud/Downloads/FlashScope-fixed3/.artifacts/DerivedData/Build/Intermediates.noindex/FlashScope.build/Debug/FlashScopeIntegrationTests.build/Objects-normal/x86_64/FlashScopeIntegrationTests-Swift.h (in target 'FlashScopeIntegrationTests' from project 'FlashScope')
    cd /Users/faisalmahmud/Downloads/FlashScope-fixed3
    builtin-swiftHeaderTool -arch x86_64 /Users/faisalmahmud/Downloads/FlashScope-fixed3/.artifacts/DerivedData/Build/Intermediates.noindex/FlashScope.build/Debug/FlashScopeIntegrationTests.build/Objects-normal/x86_64/FlashScopeIntegrationTests-Swift.h -o /Users/faisalmahmud/Downloads/FlashScope-fixed3/.artifacts/DerivedData/Build/Intermediates.noindex/FlashScope.build/Debug/FlashScopeIntegrationTests.build/DerivedSources/FlashScopeIntegrationTests-Swift.h

Copy /Users/faisalmahmud/Downloads/FlashScope-fixed3/.artifacts/DerivedData/Build/Products/Debug/FlashScopeIntegrationTests.swiftmodule/x86_64-apple-macos.swiftmodule /Users/faisalmahmud/Downloads/FlashScope-fixed3/.artifacts/DerivedData/Build/Intermediates.noindex/FlashScope.build/Debug/FlashScopeIntegrationTests.build/Objects-normal/x86_64/FlashScopeIntegrationTests.swiftmodule (in target 'FlashScopeIntegrationTests' from project 'FlashScope')
    cd /Users/faisalmahmud/Downloads/FlashScope-fixed3
    builtin-copy -exclude .DS_Store -exclude CVS -exclude .svn -exclude .git -exclude .hg -strip-unsigned-binaries -strip-deterministic -strip-tool /Applications/Xcode.app/Contents/Developer/Toolchains/XcodeDefault.xctoolchain/usr/bin/strip -resolve-src-symlinks -rename /Users/faisalmahmud/Downloads/FlashScope-fixed3/.artifacts/DerivedData/Build/Intermediates.noindex/FlashScope.build/Debug/FlashScopeIntegrationTests.build/Objects-normal/x86_64/FlashScopeIntegrationTests.swiftmodule /Users/faisalmahmud/Downloads/FlashScope-fixed3/.artifacts/DerivedData/Build/Products/Debug/FlashScopeIntegrationTests.swiftmodule/x86_64-apple-macos.swiftmodule

Copy /Users/faisalmahmud/Downloads/FlashScope-fixed3/.artifacts/DerivedData/Build/Products/Debug/FlashScopeIntegrationTests.swiftmodule/x86_64-apple-macos.swiftdoc /Users/faisalmahmud/Downloads/FlashScope-fixed3/.artifacts/DerivedData/Build/Intermediates.noindex/FlashScope.build/Debug/FlashScopeIntegrationTests.build/Objects-normal/x86_64/FlashScopeIntegrationTests.swiftdoc (in target 'FlashScopeIntegrationTests' from project 'FlashScope')
    cd /Users/faisalmahmud/Downloads/FlashScope-fixed3
    builtin-copy -exclude .DS_Store -exclude CVS -exclude .svn -exclude .git -exclude .hg -strip-unsigned-binaries -strip-deterministic -strip-tool /Applications/Xcode.app/Contents/Developer/Toolchains/XcodeDefault.xctoolchain/usr/bin/strip -resolve-src-symlinks -rename /Users/faisalmahmud/Downloads/FlashScope-fixed3/.artifacts/DerivedData/Build/Intermediates.noindex/FlashScope.build/Debug/FlashScopeIntegrationTests.build/Objects-normal/x86_64/FlashScopeIntegrationTests.swiftdoc /Users/faisalmahmud/Downloads/FlashScope-fixed3/.artifacts/DerivedData/Build/Products/Debug/FlashScopeIntegrationTests.swiftmodule/x86_64-apple-macos.swiftdoc

Copy /Users/faisalmahmud/Downloads/FlashScope-fixed3/.artifacts/DerivedData/Build/Products/Debug/FlashScopeIntegrationTests.swiftmodule/x86_64-apple-macos.abi.json /Users/faisalmahmud/Downloads/FlashScope-fixed3/.artifacts/DerivedData/Build/Intermediates.noindex/FlashScope.build/Debug/FlashScopeIntegrationTests.build/Objects-normal/x86_64/FlashScopeIntegrationTests.abi.json (in target 'FlashScopeIntegrationTests' from project 'FlashScope')
    cd /Users/faisalmahmud/Downloads/FlashScope-fixed3
    builtin-copy -exclude .DS_Store -exclude CVS -exclude .svn -exclude .git -exclude .hg -strip-unsigned-binaries -strip-deterministic -strip-tool /Applications/Xcode.app/Contents/Developer/Toolchains/XcodeDefault.xctoolchain/usr/bin/strip -resolve-src-symlinks -rename /Users/faisalmahmud/Downloads/FlashScope-fixed3/.artifacts/DerivedData/Build/Intermediates.noindex/FlashScope.build/Debug/FlashScopeIntegrationTests.build/Objects-normal/x86_64/FlashScopeIntegrationTests.abi.json /Users/faisalmahmud/Downloads/FlashScope-fixed3/.artifacts/DerivedData/Build/Products/Debug/FlashScopeIntegrationTests.swiftmodule/x86_64-apple-macos.abi.json

Copy /Users/faisalmahmud/Downloads/FlashScope-fixed3/.artifacts/DerivedData/Build/Products/Debug/FlashScopeIntegrationTests.swiftmodule/Project/x86_64-apple-macos.swiftsourceinfo /Users/faisalmahmud/Downloads/FlashScope-fixed3/.artifacts/DerivedData/Build/Intermediates.noindex/FlashScope.build/Debug/FlashScopeIntegrationTests.build/Objects-normal/x86_64/FlashScopeIntegrationTests.swiftsourceinfo (in target 'FlashScopeIntegrationTests' from project 'FlashScope')
    cd /Users/faisalmahmud/Downloads/FlashScope-fixed3
    builtin-copy -exclude .DS_Store -exclude CVS -exclude .svn -exclude .git -exclude .hg -strip-unsigned-binaries -strip-deterministic -strip-tool /Applications/Xcode.app/Contents/Developer/Toolchains/XcodeDefault.xctoolchain/usr/bin/strip -resolve-src-symlinks -rename /Users/faisalmahmud/Downloads/FlashScope-fixed3/.artifacts/DerivedData/Build/Intermediates.noindex/FlashScope.build/Debug/FlashScopeIntegrationTests.build/Objects-normal/x86_64/FlashScopeIntegrationTests.swiftsourceinfo /Users/faisalmahmud/Downloads/FlashScope-fixed3/.artifacts/DerivedData/Build/Products/Debug/FlashScopeIntegrationTests.swiftmodule/Project/x86_64-apple-macos.swiftsourceinfo

SwiftDriverJobDiscovery normal x86_64 Compiling AppServices.swift, AppViewModel.swift, ContentView.swift, FlashScopeApp.swift (in target 'FlashScope' from project 'FlashScope')

SwiftDriverJobDiscovery normal x86_64 Compiling PerformanceCard.swift, DiskArbitrationDriveDiscoveryService.swift, DiskUtilityAdapter.swift, HelpView.swift (in target 'FlashScope' from project 'FlashScope')

SwiftDriverJobDiscovery normal x86_64 Compiling FlashScopeUITests.swift (in target 'FlashScopeUITests' from project 'FlashScope')

SwiftDriver\ Compilation FlashScopeUITests normal x86_64 com.apple.xcode.tools.swift.compiler (in target 'FlashScopeUITests' from project 'FlashScope')
    cd /Users/faisalmahmud/Downloads/FlashScope-fixed3
    builtin-Swift-Compilation -- /Applications/Xcode.app/Contents/Developer/Toolchains/XcodeDefault.xctoolchain/usr/bin/swiftc -module-name FlashScopeUITests -Onone @/Users/faisalmahmud/Downloads/FlashScope-fixed3/.artifacts/DerivedData/Build/Intermediates.noindex/FlashScope.build/Debug/FlashScopeUITests.build/Objects-normal/x86_64/FlashScopeUITests.SwiftFileList -DDEBUG -module-alias Testing\=_Testing_Unavailable -plugin-path /Applications/Xcode.app/Contents/Developer/Toolchains/XcodeDefault.xctoolchain/usr/lib/swift/host/plugins/testing -enable-experimental-feature DebugDescriptionMacro -sdk /Applications/Xcode.app/Contents/Developer/Platforms/MacOSX.platform/Developer/SDKs/MacOSX26.5.sdk -target x86_64-apple-macos14.0 -g -module-cache-path /Users/faisalmahmud/Downloads/FlashScope-fixed3/.artifacts/DerivedData/ModuleCache.noindex -Xfrontend -serialize-debugging-options -enable-testing -index-store-path /Users/faisalmahmud/Downloads/FlashScope-fixed3/.artifacts/DerivedData/Index.noindex/DataStore -swift-version 6 -I /Users/faisalmahmud/Downloads/FlashScope-fixed3/.artifacts/DerivedData/Build/Products/Debug -Isystem /Applications/Xcode.app/Contents/Developer/Platforms/MacOSX.platform/Developer/usr/lib -F /Users/faisalmahmud/Downloads/FlashScope-fixed3/.artifacts/DerivedData/Build/Products/Debug -F /Applications/Xcode.app/Contents/Developer/Platforms/MacOSX.platform/Developer/Library/Frameworks -parse-as-library -c -j8 -enable-batch-mode -incremental -Xcc -ivfsstatcache -Xcc /Users/faisalmahmud/Downloads/FlashScope-fixed3/.artifacts/DerivedData/SDKStatCaches.noindex/macosx26.5-25F70-e082c4a02f00227109f4ed75e425c832.sdkstatcache -output-file-map /Users/faisalmahmud/Downloads/FlashScope-fixed3/.artifacts/DerivedData/Build/Intermediates.noindex/FlashScope.build/Debug/FlashScopeUITests.build/Objects-normal/x86_64/FlashScopeUITests-OutputFileMap.json -use-frontend-parseable-output -save-temps -no-color-diagnostics -explicit-module-build -module-cache-path /Users/faisalmahmud/Downloads/FlashScope-fixed3/.artifacts/DerivedData/Build/Intermediates.noindex/SwiftExplicitPrecompiledModules -clang-scanner-module-cache-path /Users/faisalmahmud/Downloads/FlashScope-fixed3/.artifacts/DerivedData/ModuleCache.noindex -sdk-module-cache-path /Users/faisalmahmud/Downloads/FlashScope-fixed3/.artifacts/DerivedData/ModuleCache.noindex -serialize-diagnostics -emit-dependencies -emit-module -emit-module-path /Users/faisalmahmud/Downloads/FlashScope-fixed3/.artifacts/DerivedData/Build/Intermediates.noindex/FlashScope.build/Debug/FlashScopeUITests.build/Objects-normal/x86_64/FlashScopeUITests.swiftmodule -validate-clang-modules-once -clang-build-session-file /Users/faisalmahmud/Downloads/FlashScope-fixed3/.artifacts/DerivedData/ModuleCache.noindex/Session.modulevalidation -Xcc -I/Users/faisalmahmud/Downloads/FlashScope-fixed3/.artifacts/DerivedData/Build/Intermediates.noindex/FlashScope.build/Debug/FlashScopeUITests.build/swift-overrides.hmap -emit-const-values -Xfrontend -const-gather-protocols-file -Xfrontend /Users/faisalmahmud/Downloads/FlashScope-fixed3/.artifacts/DerivedData/Build/Intermediates.noindex/FlashScope.build/Debug/FlashScopeUITests.build/Objects-normal/x86_64/FlashScopeUITests_const_extract_protocols.json -Xcc -iquote -Xcc /Users/faisalmahmud/Downloads/FlashScope-fixed3/.artifacts/DerivedData/Build/Intermediates.noindex/FlashScope.build/Debug/FlashScopeUITests.build/FlashScopeUITests-generated-files.hmap -Xcc -I/Users/faisalmahmud/Downloads/FlashScope-fixed3/.artifacts/DerivedData/Build/Intermediates.noindex/FlashScope.build/Debug/FlashScopeUITests.build/FlashScopeUITests-own-target-headers.hmap -Xcc -I/Users/faisalmahmud/Downloads/FlashScope-fixed3/.artifacts/DerivedData/Build/Intermediates.noindex/FlashScope.build/Debug/FlashScopeUITests.build/FlashScopeUITests-all-non-framework-target-headers.hmap -Xcc -ivfsoverlay -Xcc /Users/faisalmahmud/Downloads/FlashScope-fixed3/.artifacts/DerivedData/Build/Intermediates.noindex/FlashScope.build/Debug/FlashScope-35eb7d1e5bec2298583130c899748a02-VFS/all-product-headers.yaml -Xcc -iquote -Xcc /Users/faisalmahmud/Downloads/FlashScope-fixed3/.artifacts/DerivedData/Build/Intermediates.noindex/FlashScope.build/Debug/FlashScopeUITests.build/FlashScopeUITests-project-headers.hmap -Xcc -I/Users/faisalmahmud/Downloads/FlashScope-fixed3/.artifacts/DerivedData/Build/Products/Debug/include -Xcc -I/Users/faisalmahmud/Downloads/FlashScope-fixed3/.artifacts/DerivedData/Build/Intermediates.noindex/FlashScope.build/Debug/FlashScopeUITests.build/DerivedSources-normal/x86_64 -Xcc -I/Users/faisalmahmud/Downloads/FlashScope-fixed3/.artifacts/DerivedData/Build/Intermediates.noindex/FlashScope.build/Debug/FlashScopeUITests.build/DerivedSources/x86_64 -Xcc -I/Users/faisalmahmud/Downloads/FlashScope-fixed3/.artifacts/DerivedData/Build/Intermediates.noindex/FlashScope.build/Debug/FlashScopeUITests.build/DerivedSources -emit-objc-header -emit-objc-header-path /Users/faisalmahmud/Downloads/FlashScope-fixed3/.artifacts/DerivedData/Build/Intermediates.noindex/FlashScope.build/Debug/FlashScopeUITests.build/Objects-normal/x86_64/FlashScopeUITests-Swift.h -working-directory /Users/faisalmahmud/Downloads/FlashScope-fixed3 -experimental-emit-module-separately -disable-cmo

CopySwiftLibs /Users/faisalmahmud/Downloads/FlashScope-fixed3/.artifacts/DerivedData/Build/Products/Debug/FlashScopeCoreTests.xctest (in target 'FlashScopeCoreTests' from project 'FlashScope')
    cd /Users/faisalmahmud/Downloads/FlashScope-fixed3
    builtin-swiftStdLibTool --copy --verbose --scan-executable /Users/faisalmahmud/Downloads/FlashScope-fixed3/.artifacts/DerivedData/Build/Products/Debug/FlashScopeCoreTests.xctest/Contents/MacOS/FlashScopeCoreTests --scan-folder /Users/faisalmahmud/Downloads/FlashScope-fixed3/.artifacts/DerivedData/Build/Products/Debug/FlashScopeCoreTests.xctest/Contents/Frameworks --scan-folder /Users/faisalmahmud/Downloads/FlashScope-fixed3/.artifacts/DerivedData/Build/Products/Debug/FlashScopeCoreTests.xctest/Contents/PlugIns --scan-folder /Users/faisalmahmud/Downloads/FlashScope-fixed3/.artifacts/DerivedData/Build/Products/Debug/FlashScopeCoreTests.xctest/Contents/Library/SystemExtensions --scan-folder /Users/faisalmahmud/Downloads/FlashScope-fixed3/.artifacts/DerivedData/Build/Products/Debug/FlashScopeCoreTests.xctest/Contents/Extensions --scan-folder /Users/faisalmahmud/Downloads/FlashScope-fixed3/.artifacts/DerivedData/Build/Products/Debug/FlashScopeCore.framework --platform macosx --toolchain /Applications/Xcode.app/Contents/Developer/Toolchains/XcodeDefault.xctoolchain --destination /Users/faisalmahmud/Downloads/FlashScope-fixed3/.artifacts/DerivedData/Build/Products/Debug/FlashScopeCoreTests.xctest/Contents/Frameworks --strip-bitcode --scan-executable /Applications/Xcode.app/Contents/Developer/Platforms/MacOSX.platform/Developer/usr/lib/libXCTestSwiftSupport.dylib --strip-bitcode-tool /Applications/Xcode.app/Contents/Developer/Toolchains/XcodeDefault.xctoolchain/usr/bin/bitcode_strip --emit-dependency-info /Users/faisalmahmud/Downloads/FlashScope-fixed3/.artifacts/DerivedData/Build/Intermediates.noindex/FlashScope.build/Debug/FlashScopeCoreTests.build/SwiftStdLibToolInputDependencies.dep --filter-for-swift-os --back-deploy-swift-span
Ignoring --strip-bitcode because --sign was not passed

ExtractAppIntentsMetadata (in target 'FlashScopeCoreTests' from project 'FlashScope')
    cd /Users/faisalmahmud/Downloads/FlashScope-fixed3
    /Applications/Xcode.app/Contents/Developer/Toolchains/XcodeDefault.xctoolchain/usr/bin/appintentsmetadataprocessor --toolchain-dir /Applications/Xcode.app/Contents/Developer/Toolchains/XcodeDefault.xctoolchain --module-name FlashScopeCoreTests --sdk-root /Applications/Xcode.app/Contents/Developer/Platforms/MacOSX.platform/Developer/SDKs/MacOSX26.5.sdk --xcode-version 17F42 --platform-family macOS --deployment-target 14.0 --bundle-identifier com.example.FlashScope --output /Users/faisalmahmud/Downloads/FlashScope-fixed3/.artifacts/DerivedData/Build/Products/Debug/FlashScopeCoreTests.xctest/Contents/Resources --target-triple x86_64-apple-macos14.0 --binary-file /Users/faisalmahmud/Downloads/FlashScope-fixed3/.artifacts/DerivedData/Build/Products/Debug/FlashScopeCoreTests.xctest/Contents/MacOS/FlashScopeCoreTests --dependency-file /Users/faisalmahmud/Downloads/FlashScope-fixed3/.artifacts/DerivedData/Build/Intermediates.noindex/FlashScope.build/Debug/FlashScopeCoreTests.build/Objects-normal/x86_64/FlashScopeCoreTests_dependency_info.dat --stringsdata-file /Users/faisalmahmud/Downloads/FlashScope-fixed3/.artifacts/DerivedData/Build/Intermediates.noindex/FlashScope.build/Debug/FlashScopeCoreTests.build/Objects-normal/x86_64/ExtractedAppShortcutsMetadata.stringsdata --source-file-list /Users/faisalmahmud/Downloads/FlashScope-fixed3/.artifacts/DerivedData/Build/Intermediates.noindex/FlashScope.build/Debug/FlashScopeCoreTests.build/Objects-normal/x86_64/FlashScopeCoreTests.SwiftFileList --metadata-file-list /Users/faisalmahmud/Downloads/FlashScope-fixed3/.artifacts/DerivedData/Build/Intermediates.noindex/FlashScope.build/Debug/FlashScopeCoreTests.build/FlashScopeCoreTests.DependencyMetadataFileList --static-metadata-file-list /Users/faisalmahmud/Downloads/FlashScope-fixed3/.artifacts/DerivedData/Build/Intermediates.noindex/FlashScope.build/Debug/FlashScopeCoreTests.build/FlashScopeCoreTests.DependencyStaticMetadataFileList --swift-const-vals-list /Users/faisalmahmud/Downloads/FlashScope-fixed3/.artifacts/DerivedData/Build/Intermediates.noindex/FlashScope.build/Debug/FlashScopeCoreTests.build/Objects-normal/x86_64/FlashScopeCoreTests.SwiftConstValuesFileList --compile-time-extraction --deployment-aware-processing --validate-assistant-intents --no-app-shortcuts-localization
2026-08-28 21:46:12.009 appintentsmetadataprocessor[14967:275695] Starting appintentsmetadataprocessor export
2026-08-28 21:46:12.013 appintentsmetadataprocessor[14967:275695] warning: Metadata extraction skipped. No AppIntents.framework dependency found.

RegisterExecutionPolicyException /Users/faisalmahmud/Downloads/FlashScope-fixed3/.artifacts/DerivedData/Build/Products/Debug/FlashScopeCoreTests.xctest (in target 'FlashScopeCoreTests' from project 'FlashScope')
    cd /Users/faisalmahmud/Downloads/FlashScope-fixed3
    builtin-RegisterExecutionPolicyException /Users/faisalmahmud/Downloads/FlashScope-fixed3/.artifacts/DerivedData/Build/Products/Debug/FlashScopeCoreTests.xctest

Touch /Users/faisalmahmud/Downloads/FlashScope-fixed3/.artifacts/DerivedData/Build/Products/Debug/FlashScopeCoreTests.xctest (in target 'FlashScopeCoreTests' from project 'FlashScope')
    cd /Users/faisalmahmud/Downloads/FlashScope-fixed3
    /usr/bin/touch -c /Users/faisalmahmud/Downloads/FlashScope-fixed3/.artifacts/DerivedData/Build/Products/Debug/FlashScopeCoreTests.xctest

SwiftDriverJobDiscovery normal x86_64 Compiling FlashScopeIntegrationTests.swift (in target 'FlashScopeIntegrationTests' from project 'FlashScope')

SwiftDriver\ Compilation FlashScopeIntegrationTests normal x86_64 com.apple.xcode.tools.swift.compiler (in target 'FlashScopeIntegrationTests' from project 'FlashScope')
    cd /Users/faisalmahmud/Downloads/FlashScope-fixed3
    builtin-Swift-Compilation -- /Applications/Xcode.app/Contents/Developer/Toolchains/XcodeDefault.xctoolchain/usr/bin/swiftc -module-name FlashScopeIntegrationTests -Onone @/Users/faisalmahmud/Downloads/FlashScope-fixed3/.artifacts/DerivedData/Build/Intermediates.noindex/FlashScope.build/Debug/FlashScopeIntegrationTests.build/Objects-normal/x86_64/FlashScopeIntegrationTests.SwiftFileList -DDEBUG -plugin-path /Applications/Xcode.app/Contents/Developer/Toolchains/XcodeDefault.xctoolchain/usr/lib/swift/host/plugins/testing -enable-experimental-feature DebugDescriptionMacro -sdk /Applications/Xcode.app/Contents/Developer/Platforms/MacOSX.platform/Developer/SDKs/MacOSX26.5.sdk -target x86_64-apple-macos14.0 -g -module-cache-path /Users/faisalmahmud/Downloads/FlashScope-fixed3/.artifacts/DerivedData/ModuleCache.noindex -Xfrontend -serialize-debugging-options -enable-testing -index-store-path /Users/faisalmahmud/Downloads/FlashScope-fixed3/.artifacts/DerivedData/Index.noindex/DataStore -swift-version 6 -I /Users/faisalmahmud/Downloads/FlashScope-fixed3/.artifacts/DerivedData/Build/Products/Debug -Isystem /Applications/Xcode.app/Contents/Developer/Platforms/MacOSX.platform/Developer/usr/lib -F /Users/faisalmahmud/Downloads/FlashScope-fixed3/.artifacts/DerivedData/Build/Products/Debug -F /Applications/Xcode.app/Contents/Developer/Platforms/MacOSX.platform/Developer/Library/Frameworks -parse-as-library -c -j8 -enable-batch-mode -incremental -Xcc -ivfsstatcache -Xcc /Users/faisalmahmud/Downloads/FlashScope-fixed3/.artifacts/DerivedData/SDKStatCaches.noindex/macosx26.5-25F70-e082c4a02f00227109f4ed75e425c832.sdkstatcache -output-file-map /Users/faisalmahmud/Downloads/FlashScope-fixed3/.artifacts/DerivedData/Build/Intermediates.noindex/FlashScope.build/Debug/FlashScopeIntegrationTests.build/Objects-normal/x86_64/FlashScopeIntegrationTests-OutputFileMap.json -use-frontend-parseable-output -save-temps -no-color-diagnostics -explicit-module-build -module-cache-path /Users/faisalmahmud/Downloads/FlashScope-fixed3/.artifacts/DerivedData/Build/Intermediates.noindex/SwiftExplicitPrecompiledModules -clang-scanner-module-cache-path /Users/faisalmahmud/Downloads/FlashScope-fixed3/.artifacts/DerivedData/ModuleCache.noindex -sdk-module-cache-path /Users/faisalmahmud/Downloads/FlashScope-fixed3/.artifacts/DerivedData/ModuleCache.noindex -serialize-diagnostics -emit-dependencies -emit-module -emit-module-path /Users/faisalmahmud/Downloads/FlashScope-fixed3/.artifacts/DerivedData/Build/Intermediates.noindex/FlashScope.build/Debug/FlashScopeIntegrationTests.build/Objects-normal/x86_64/FlashScopeIntegrationTests.swiftmodule -validate-clang-modules-once -clang-build-session-file /Users/faisalmahmud/Downloads/FlashScope-fixed3/.artifacts/DerivedData/ModuleCache.noindex/Session.modulevalidation -Xcc -I/Users/faisalmahmud/Downloads/FlashScope-fixed3/.artifacts/DerivedData/Build/Intermediates.noindex/FlashScope.build/Debug/FlashScopeIntegrationTests.build/swift-overrides.hmap -emit-const-values -Xfrontend -const-gather-protocols-file -Xfrontend /Users/faisalmahmud/Downloads/FlashScope-fixed3/.artifacts/DerivedData/Build/Intermediates.noindex/FlashScope.build/Debug/FlashScopeIntegrationTests.build/Objects-normal/x86_64/FlashScopeIntegrationTests_const_extract_protocols.json -Xcc -iquote -Xcc /Users/faisalmahmud/Downloads/FlashScope-fixed3/.artifacts/DerivedData/Build/Intermediates.noindex/FlashScope.build/Debug/FlashScopeIntegrationTests.build/FlashScopeIntegrationTests-generated-files.hmap -Xcc -I/Users/faisalmahmud/Downloads/FlashScope-fixed3/.artifacts/DerivedData/Build/Intermediates.noindex/FlashScope.build/Debug/FlashScopeIntegrationTests.build/FlashScopeIntegrationTests-own-target-headers.hmap -Xcc -I/Users/faisalmahmud/Downloads/FlashScope-fixed3/.artifacts/DerivedData/Build/Intermediates.noindex/FlashScope.build/Debug/FlashScopeIntegrationTests.build/FlashScopeIntegrationTests-all-non-framework-target-headers.hmap -Xcc -ivfsoverlay -Xcc /Users/faisalmahmud/Downloads/FlashScope-fixed3/.artifacts/DerivedData/Build/Intermediates.noindex/FlashScope.build/Debug/FlashScope-35eb7d1e5bec2298583130c899748a02-VFS/all-product-headers.yaml -Xcc -iquote -Xcc /Users/faisalmahmud/Downloads/FlashScope-fixed3/.artifacts/DerivedData/Build/Intermediates.noindex/FlashScope.build/Debug/FlashScopeIntegrationTests.build/FlashScopeIntegrationTests-project-headers.hmap -Xcc -I/Users/faisalmahmud/Downloads/FlashScope-fixed3/.artifacts/DerivedData/Build/Products/Debug/include -Xcc -I/Users/faisalmahmud/Downloads/FlashScope-fixed3/.artifacts/DerivedData/Build/Intermediates.noindex/FlashScope.build/Debug/FlashScopeIntegrationTests.build/DerivedSources-normal/x86_64 -Xcc -I/Users/faisalmahmud/Downloads/FlashScope-fixed3/.artifacts/DerivedData/Build/Intermediates.noindex/FlashScope.build/Debug/FlashScopeIntegrationTests.build/DerivedSources/x86_64 -Xcc -I/Users/faisalmahmud/Downloads/FlashScope-fixed3/.artifacts/DerivedData/Build/Intermediates.noindex/FlashScope.build/Debug/FlashScopeIntegrationTests.build/DerivedSources -emit-objc-header -emit-objc-header-path /Users/faisalmahmud/Downloads/FlashScope-fixed3/.artifacts/DerivedData/Build/Intermediates.noindex/FlashScope.build/Debug/FlashScopeIntegrationTests.build/Objects-normal/x86_64/FlashScopeIntegrationTests-Swift.h -working-directory /Users/faisalmahmud/Downloads/FlashScope-fixed3 -experimental-emit-module-separately -disable-cmo

note: Disabling hardened runtime with ad-hoc codesigning. (in target 'FlashScope' from project 'FlashScope')

Test session results, code coverage, and logs:
	/Users/faisalmahmud/Downloads/FlashScope-fixed3/.artifacts/DerivedData/Logs/Test/Test-FlashScope-2026.08.28_21-45-40-+0300.xcresult

Testing failed:
	Type 'ToggleStyle' has no member 'radio'
	Value of type 'CFAttributedString' has no member 'length'
	Testing cancelled because the build failed.

** TEST FAILED **


The following build commands failed:
	SwiftCompile normal x86_64 /Users/faisalmahmud/Downloads/FlashScope-fixed3/FlashScope/HealthCheck/HealthCheckSheet.swift (in target 'FlashScope' from project 'FlashScope')
	SwiftCompile normal x86_64 /Users/faisalmahmud/Downloads/FlashScope-fixed3/FlashScope/Reporting/PDFReportRenderer.swift (in target 'FlashScope' from project 'FlashScope')
	SwiftCompile normal x86_64 Compiling\ MacOSHealthSignalService.swift,\ HealthCheckSheet.swift,\ SwiftDataHistoryRepository.swift,\ PDFReportRenderer.swift /Users/faisalmahmud/Downloads/FlashScope-fixed3/FlashScope/Health/MacOSHealthSignalService.swift /Users/faisalmahmud/Downloads/FlashScope-fixed3/FlashScope/HealthCheck/HealthCheckSheet.swift /Users/faisalmahmud/Downloads/FlashScope-fixed3/FlashScope/Persistence/SwiftDataHistoryRepository.swift /Users/faisalmahmud/Downloads/FlashScope-fixed3/FlashScope/Reporting/PDFReportRenderer.swift (in target 'FlashScope' from project 'FlashScope')
	Testing project FlashScope with scheme FlashScope
(4 failures)
